cip2020_code,cip2020_title,score,completions_latest_year,employment_weighted_openings,n_socs_used,no_labor_data,has_soc_11_1021,matched_soc_codes
52.1301,Management Science,95.1,23761.0,246.89,3,f,t,"11-1021, 13-1111, 11-1011"
30.7001,"Data Science, General",93.9,4322.0,91.29,3,f,f,"15-1252, 11-3021, 15-2051"
51.3805,Family Practice Nurse/Nursing,93.4,12710.0,171.31,3,f,f,"29-1141, 29-1171, 25-1072"
51.3810,Psychiatric/Mental Health Nurse/Nursing,92.7,1779.0,171.31,3,f,f,"29-1141, 29-1171, 25-1072"
51.3802,Nursing Administration,92.5,6133.0,159.20,3,f,f,"29-1141, 11-9111, 29-1171"
11.0104,Informatics,92.3,1358.0,98.36,3,f,f,"15-1252, 15-1253, 15-1255"
45.0603,Econometrics and Quantitative Economics,92.0,4198.0,91.51,3,f,f,"11-9199, 15-2051, 19-4061"
30.7102,Business Analytics,91.6,6456.0,85.45,3,f,f,"13-1111, 13-1161, 15-2051"
11.0103,Information Technology,91.4,10351.0,86.76,3,f,f,"15-1252, 11-3021, 15-1211"
11.0401,Information Science/Studies,90.3,10368.0,87.19,3,f,f,"15-1252, 11-3021, 15-1299"
51.3803,Adult Health Nurse/Nursing,89.7,1814.0,171.31,3,f,f,"29-1141, 29-1171, 25-1072"
14.0903,Computer Software Engineering,89.1,2852.0,95.37,3,f,f,"15-1252, 11-9041, 15-1253"
51.0701,Health/Health Care Administration/Management,88.9,12880.0,62.10,1,f,f,11-9111
9.0702,Digital Communication and Media/Multimedia,88.6,2968.0,95.82,3,f,f,"11-9199, 15-1255, 25-1122"
45.0102,Research Methodology and Quantitative Methods,88.6,1549.0,101.30,3,f,f,"11-9199, 19-3099, 15-2041"
14.0901,"Computer Engineering, General",88.6,3575.0,95.37,3,f,f,"15-1252, 11-9041, 15-1253"
11.1005,Information Technology Project Management,88.5,1607.0,85.73,3,f,f,"11-9199, 13-1082, 11-3021"
11.0802,Data Modeling/Warehousing and Database Administration,88.3,2822.0,42.43,3,f,f,"11-3021, 15-2051, 25-1194"
51.3821,Geriatric Nurse/Nursing,87.8,446.0,171.31,3,f,f,"29-1141, 29-1171, 25-1072"
30.7104,Financial Analytics,87.4,965.0,77.64,3,f,f,"13-1111, 11-3031, 13-2051"
30.7101,"Data Analytics, General",87.3,931.0,75.58,3,f,f,"13-1111, 15-2051, 25-1199"
51.0809,Anesthesiologist Assistant,87.3,360.0,112.30,1,f,f,31-9092
51.3814,Critical Care Nursing,87.1,431.0,171.31,3,f,f,"29-1141, 29-1171, 25-1072"
51.2009,Industrial and Physical Pharmacy and Cosmetic Sciences,87.1,954.0,82.77,3,f,f,"11-9199, 25-1071, 11-3051"
11.1003,Computer and Information Systems Security/Auditing/Information Assurance,86.9,8513.0,37.88,3,f,f,"11-3021, 15-1244, 15-1212"
11.0101,"Computer and Information Sciences, General",86.3,21233.0,41.97,3,f,f,"11-3021, 15-1211, 15-1299"
11.0201,"Computer Programming/Programmer, General",86.3,352.0,97.36,3,f,f,"15-1252, 15-1253, 15-1231"
30.0801,Mathematics and Computer Science,86.2,375.0,87.19,3,f,f,"15-1252, 11-3021, 15-1299"
42.2799,"Research and Experimental Psychology, Other",86.2,670.0,99.02,3,f,f,"11-9199, 19-3039, 25-1066"
13.0601,Educational Evaluation and Research,85.5,473.0,89.03,3,f,f,"13-1111, 25-1081, 19-3099"
42.9999,"Psychology, Other",85.3,2060.0,99.02,3,f,f,"11-9199, 19-3039, 25-1066"
51.2201,"Public Health, General",85.3,11934.0,47.84,3,f,f,"11-9111, 25-1071, 21-1091"
42.2804,Industrial and Organizational Psychology,85.3,1990.0,96.93,3,f,f,"11-9199, 13-1111, 13-1071"
51.3899,"Registered Nursing, Nursing Administration, Nursing Research and Clinical Nursing, Other",85.2,1213.0,171.31,3,f,f,"29-1141, 29-1171, 25-1072"
45.0702,Geographic Information Science and Cartography,85.1,694.0,101.51,3,f,f,"11-9199, 17-3031, 17-1021"
30.3101,Human Computer Interaction,85.0,1261.0,41.83,3,f,f,"11-3021, 15-1299, 15-1255"
51.3820,Clinical Nurse Leader,85.0,413.0,159.20,3,f,f,"29-1141, 11-9111, 29-1171"
11.0804,"Modeling, Virtual Environments and Simulation",84.8,195.0,97.80,3,f,f,"15-1252, 15-2051, 15-1251"
52.0201,"Business Administration and Management, General",84.7,97150.0,226.95,3,f,t,"11-1021, 11-9199, 13-1199"
27.0305,Financial Mathematics,84.7,4608.0,21.84,3,f,f,"13-2051, 15-2051, 13-2099"
52.0211,Project Management,84.7,1405.0,90.60,3,f,f,"11-9199, 13-1082, 25-1011"
42.2812,Forensic Psychology,84.6,1587.0,99.02,3,f,f,"11-9199, 19-3039, 25-1066"
42.2813,Applied Psychology,84.4,1258.0,99.02,3,f,f,"11-9199, 19-3039, 25-1066"
51.2211,Health Services Administration,84.3,1112.0,62.10,1,f,f,11-9111
30.3001,Computational Science,84.2,1682.0,25.52,3,f,f,"15-1299, 15-2051, 25-1199"
42.2803,Counseling Psychology,84.2,10254.0,96.80,3,f,f,"11-9199, 19-3033, 21-1019"
52.0101,"Business/Commerce, General",84.2,8023.0,227.71,3,f,t,"11-1021, 11-9199, 13-1111"
44.0401,Public Administration,84.0,10493.0,241.85,3,f,t,"11-1021, 11-9199, 11-1011"
42.2703,Developmental and Child Psychology,83.9,1007.0,86.58,3,f,f,"11-9199, 21-1021, 19-3033"
51.3822,Women's Health Nurse/Nursing,83.8,300.0,171.31,3,f,f,"29-1141, 29-1171, 25-1072"
52.0206,Non-Profit/Public/Organizational Management,83.7,1297.0,234.29,3,f,t,"11-1021, 11-9199, 11-9111"
45.0999,"International Relations and National Security Studies, Other",83.6,354.0,104.51,3,f,f,"11-9199, 25-1065, 19-3094"
42.2801,Clinical Psychology,83.5,3156.0,97.70,3,f,f,"11-9199, 19-3033, 25-1066"
52.0701,Entrepreneurship/Entrepreneurial Studies,83.5,1031.0,241.85,3,f,t,"11-1021, 11-9199, 11-1011"
52.0301,Accounting,83.4,12504.0,111.64,3,f,f,"13-2011, 25-1011, 13-2082"
42.0101,"Psychology, General",83.4,6999.0,97.51,3,f,f,"11-9199, 19-3033, 19-3039"
52.1302,Business Statistics,83.4,3993.0,16.79,3,f,f,"15-2051, 25-1011, 25-1022"
51.0913,Athletic Training/Trainer,83.2,2008.0,24.78,2,f,f,"25-1071, 29-9091"
51.0912,Physician Assistant,83.2,12020.0,21.86,2,f,f,"25-1071, 29-1071"
52.1001,"Human Resources Management/Personnel Administration, General",83.2,5218.0,61.18,3,f,f,"13-1071, 13-1151, 13-1041"
43.0302,Crisis/Emergency/Disaster Management,83.1,825.0,95.56,3,f,f,"11-9199, 33-1012, 11-9161"
51.3809,Pediatric Nurse/Nursing,82.8,353.0,171.31,3,f,f,"29-1141, 29-1171, 25-1072"
52.0210,Research and Development Management,82.8,210.0,88.34,3,f,f,"11-9199, 11-9111, 11-9121"
27.0601,"Applied Statistics, General",82.8,369.0,78.66,3,f,f,"13-1111, 15-2051, 11-9121"
52.0801,"Finance, General",82.7,3153.0,246.51,3,f,t,"11-1021, 11-3031, 13-2051"
43.0301,Homeland Security,82.4,855.0,95.56,3,f,f,"11-9199, 33-1012, 11-9161"
51.0203,Speech-Language Pathology/Pathologist,82.2,5463.0,21.86,2,f,f,"25-1071, 29-1127"
52.1206,Information Resources Management,82.1,916.0,52.32,2,f,f,"11-3021, 25-1021"
51.0706,Health Information/Medical Records Administration/Administrator,81.8,523.0,48.27,3,f,f,"11-9111, 29-2072, 29-9021"
45.0901,International Relations and Affairs,81.5,3988.0,104.51,3,f,f,"11-9199, 25-1065, 19-3094"
52.1399,"Management Sciences and Quantitative Methods, Other",81.4,16905.0,,0,t,,
42.2805,School Psychology,81.0,2408.0,86.78,3,f,f,"11-9199, 21-1012, 19-3034"
43.0103,Criminal Justice/Law Enforcement Administration,80.9,2605.0,95.37,3,f,f,"11-9199, 33-1012, 25-1111"
51.3812,Perioperative/Operating Room and Surgical Nurse/Nursing,80.7,109.0,171.31,3,f,f,"29-1141, 29-1171, 25-1072"
43.0404,Cybersecurity Defense Strategy/Policy,80.5,300.0,95.06,3,f,f,"11-9199, 33-1012, 33-1099"
51.0702,Hospital and Health Care Facilities Administration/Management,80.3,1042.0,47.20,3,f,f,"11-9111, 11-3013, 25-1011"
42.2704,Experimental Psychology,80.2,334.0,99.02,3,f,f,"11-9199, 19-3039, 25-1066"
45.0902,National Security Policy Studies,80.0,466.0,104.51,3,f,f,"11-9199, 25-1065, 19-3094"
52.0304,Accounting and Finance,79.9,541.0,95.94,3,f,f,"13-2011, 11-3031, 13-2051"
52.1404,Digital Marketing,79.9,357.0,65.82,3,f,f,"13-1161, 11-2021, 15-1255"
51.2208,Community Health and Preventive Medicine,79.9,320.0,48.11,3,f,f,"11-9111, 25-1071, 21-1094"
26.1103,Bioinformatics,79.7,749.0,26.58,3,f,f,"15-1299, 15-2051, 19-4021"
13.0603,Educational Statistics and Research Methods,79.6,169.0,89.03,3,f,f,"13-1111, 25-1081, 19-3099"
26.1309,Epidemiology,79.5,2195.0,20.40,3,f,f,"25-1071, 19-1042, 19-1041"
42.2806,Educational Psychology,79.4,1372.0,98.05,3,f,f,"11-9199, 19-3034, 19-3039"
25.0101,Library and Information Science,79.4,5606.0,97.39,3,f,f,"11-9199, 25-4022, 25-1082"
51.2299,"Public Health, Other",79.3,911.0,51.01,2,f,f,"11-9111, 25-1071"
30.0601,Systems Science and Theory,79.2,423.0,95.43,2,f,f,"11-9199, 25-1199"
50.1099,"Arts, Entertainment, and Media Management, Other",79.2,146.0,97.07,3,f,f,"11-9199, 25-1121, 13-1011"
26.0509,Infectious Disease and Global Health,79.1,146.0,47.51,3,f,f,"11-9111, 19-1042, 19-1029"
51.3813,Clinical Nurse Specialist,79.0,252.0,171.31,3,f,f,"29-1141, 29-1171, 25-1072"
52.1401,"Marketing/Marketing Management, General",78.8,1929.0,64.24,3,f,f,"13-1161, 11-2022, 11-2021"
52.1403,International Marketing,78.8,288.0,66.75,3,f,f,"13-1161, 11-2021, 25-1011"
45.0201,"Anthropology, General",78.8,912.0,105.50,3,f,f,"11-9199, 19-3091, 25-1061"
45.1101,"Sociology, General",78.7,1199.0,102.56,3,f,f,"11-9199, 19-4061, 25-1067"
27.0503,Mathematics and Statistics,78.5,549.0,16.87,3,f,f,"15-2051, 11-9121, 25-1022"
45.0401,Criminology,78.5,792.0,97.41,3,f,f,"11-9199, 19-4099, 19-3039"
51.2306,Occupational Therapy/Therapist,78.4,5737.0,21.28,2,f,f,"25-1071, 29-1122"
51.3811,Public Health/Community Nurse/Nursing,78.4,204.0,171.31,3,f,f,"29-1141, 29-1171, 25-1072"
30.1901,Nutrition Sciences,78.3,1727.0,19.36,3,f,f,"25-1071, 11-9121, 29-1031"
51.1005,Clinical Laboratory Science/Medical Technology/Technologist,78.3,377.0,27.40,1,f,f,25-1071
11.1099,"Computer/Information Technology Services Administration and Management, Other",78.2,3329.0,,0,t,,
51.2007,Pharmacoeconomics/Pharmaceutical Economics,78.2,105.0,50.05,3,f,f,"11-9111, 25-1071, 19-3011"
52.1101,International Business/Trade/Commerce,78.0,1249.0,245.50,3,f,t,"11-1021, 13-1199, 11-1011"
52.1601,Taxation,77.7,850.0,113.81,3,f,f,"13-2011, 13-2082, 13-2061"
13.0604,"Educational Assessment, Testing, and Measurement",77.6,139.0,89.03,3,f,f,"13-1111, 25-1081, 19-3099"
51.2210,International Public Health/International Health,77.6,419.0,56.44,2,f,f,"11-9111, 21-1091"
11.0202,"Computer Programming, Specific Applications",77.6,54.0,98.49,3,f,f,"15-1252, 15-1253, 15-1251"
51.2010,Pharmaceutical Sciences,77.4,487.0,20.93,2,f,f,"25-1071, 19-1042"
27.0501,"Statistics, General",77.3,2725.0,16.87,3,f,f,"15-2051, 11-9121, 25-1022"
51.2307,Orthotist/Prosthetist,77.2,233.0,25.54,3,f,f,"25-1071, 51-9082, 29-2091"
52.1499,"Marketing, Other",77.1,299.0,66.75,3,f,f,"13-1161, 11-2021, 25-1011"
51.0204,Audiology/Audiologist and Speech-Language Pathology/Pathologist,77.1,2893.0,21.18,3,f,f,"25-1071, 29-1127, 29-1181"
26.1102,Biostatistics,77.1,1091.0,18.61,3,f,f,"25-1071, 19-1042, 11-9121"
27.0304,Computational and Applied Mathematics,76.9,377.0,16.87,3,f,f,"15-2051, 11-9121, 25-1022"
50.1001,"Arts, Entertainment, and Media Management, General",76.8,268.0,97.07,3,f,f,"11-9199, 25-1121, 13-1011"
51.0719,Clinical Research Coordinator,76.8,132.0,84.54,3,f,f,"11-9199, 11-9111, 11-9033"
43.0202,Fire Services Administration,76.7,154.0,92.73,3,f,f,"11-9199, 25-1194, 33-1021"
52.0203,"Logistics, Materials, and Supply Chain Management",76.7,1223.0,20.74,3,f,f,"11-3051, 13-1081, 11-3071"
51.0201,"Communication Sciences and Disorders, General",76.5,2034.0,21.18,3,f,f,"25-1071, 29-1127, 29-1181"
51.0722,Healthcare Innovation,76.4,93.0,62.10,1,f,f,11-9111
52.0305,Accounting and Business/Management,76.3,289.0,95.94,3,f,f,"13-2011, 11-3031, 13-2051"
51.1508,Mental Health Counseling/Counselor,76.2,9776.0,,0,t,,
44.0503,Health Policy Analysis,75.5,105.0,48.95,3,f,f,"11-9111, 25-1071, 19-3099"
51.1501,Substance Abuse/Addiction Counseling,75.4,525.0,27.40,1,f,f,25-1071
51.1599,"Mental and Social Health Services and Allied Professions, Other",75.3,1290.0,,0,t,,
