occupation_title,soc_code,occupation_type,employment_2024,employment_2034,employment_change_numeric_2024_34,employment_change_percent_2024_34,labor_force_exit_rate_2024_34,occupational_transfer_rate_2024_34,total_separations_rate_2024_34,labor_force_exits_2024_34,occupational_transfers_2024_34,total_separations_2024_34,occupational_openings_2024_34
Chief executives,11-1011,Line item,309.4,322.7,13.3,4.3,3.0,3.6,6.6,9.5,11.4,20.9,22.2
General and operations managers,11-1021,Line item,3712.9,3876.8,164.0,4.4,2.3,5.4,7.7,87.9,204.5,292.3,308.7
Legislators,11-1031,Line item,27.7,28.6,0.9,3.4,2.9,4.5,7.4,0.8,1.3,2.1,2.2
Advertising and promotions managers,11-2011,Line item,27.0,26.4,-0.6,-2.2,2.4,5.5,7.9,0.6,1.5,2.1,2.1
Marketing managers,11-2021,Line item,407.0,433.7,26.7,6.6,2.1,5.4,7.5,8.8,22.8,31.7,34.3
Sales managers,11-2022,Line item,619.5,648.5,29.0,4.7,2.3,5.0,7.3,14.4,31.7,46.1,49.0
Public relations managers,11-2032,Line item,83.2,87.3,4.1,5.0,2.3,5.0,7.3,2.0,4.2,6.2,6.6
Fundraising managers,11-2033,Line item,45.7,47.6,1.9,4.2,2.3,5.0,7.3,1.1,2.3,3.4,3.6
Administrative services managers,11-3012,Line item,271.2,283.8,12.6,4.6,3.2,4.7,7.9,8.9,13.0,22.0,23.2
Facilities managers,11-3013,Line item,151.4,157.1,5.7,3.8,3.7,4.4,8.2,5.8,6.8,12.6,13.2
Computer and information systems managers,11-3021,Line item,667.1,768.7,101.6,15.2,1.8,4.5,6.3,13.1,32.3,45.4,55.6
Financial managers,11-3031,Line item,868.6,997.4,128.8,14.8,2.5,4.1,6.6,23.4,38.3,61.7,74.6
Industrial production managers,11-3051,Line item,241.9,246.5,4.6,1.9,2.4,4.4,6.8,5.8,10.8,16.7,17.1
Purchasing managers,11-3061,Line item,83.5,86.1,2.6,3.1,2.7,4.6,7.3,2.3,3.9,6.2,6.4
"Transportation, storage, and distribution managers",11-3071,Line item,216.7,229.8,13.1,6.1,2.5,5.2,7.7,5.6,11.6,17.2,18.5
Compensation and benefits managers,11-3111,Line item,20.9,20.9,0.0,0.2,2.9,4.1,7.0,0.6,0.9,1.5,1.5
Human resources managers,11-3121,Line item,221.9,233.0,11.1,5.0,2.5,4.9,7.4,5.7,11.1,16.7,17.9
Training and development managers,11-3131,Line item,46.4,49.2,2.7,5.8,2.4,5.1,7.5,1.1,2.4,3.6,3.8
"Farmers, ranchers, and other agricultural managers",11-9013,Line item,836.1,825.0,-11.1,-1.3,7.1,3.3,10.4,59.0,27.6,86.6,85.5
Construction managers,11-9021,Line item,550.3,598.4,48.1,8.7,2.5,4.9,7.3,14.1,27.9,42.0,46.8
"Education and childcare administrators, preschool and daycare",11-9031,Line item,90.2,87.9,-2.3,-2.5,2.4,4.0,6.5,2.2,3.6,5.7,5.5
"Education administrators, kindergarten through secondary",11-9032,Line item,333.3,328.1,-5.1,-1.5,2.4,4.0,6.5,8.0,13.3,21.3,20.8
"Education administrators, postsecondary",11-9033,Line item,226.6,230.5,4.0,1.7,2.4,4.0,6.5,5.5,9.2,14.8,15.1
"Education administrators, all other",11-9039,Line item,60.2,61.7,1.5,2.5,2.4,4.0,6.5,1.5,2.5,3.9,4.1
Architectural and engineering managers,11-9041,Line item,212.5,220.5,8.0,3.8,2.2,4.2,6.3,4.7,9.0,13.7,14.5
Food service managers,11-9051,Line item,352.8,375.3,22.6,6.4,3.5,7.4,10.9,12.7,27.0,39.8,42.0
Gambling managers,11-9071,Line item,5.1,5.2,0.1,1.2,4.4,7.1,11.6,0.2,0.4,0.6,0.6
"Entertainment and recreation managers, except gambling",11-9072,Line item,43.2,46.5,3.3,7.7,4.4,7.1,11.6,2.0,3.2,5.2,5.5
Lodging managers,11-9081,Line item,52.0,53.8,1.8,3.4,3.9,6.0,9.9,2.0,3.2,5.2,5.4
Medical and health services managers,11-9111,Line item,616.2,759.1,142.9,23.2,2.6,4.3,7.0,18.0,29.8,47.8,62.1
Natural sciences managers,11-9121,Line item,104.3,108.2,3.9,3.7,2.2,5.4,7.6,2.3,5.8,8.1,8.5
Postmasters and mail superintendents,11-9131,Line item,13.1,12.7,-0.5,-3.5,2.9,4.5,7.4,0.4,0.6,1.0,0.9
"Property, real estate, and community association managers",11-9141,Line item,466.1,483.1,17.0,3.6,4.3,3.6,7.9,20.2,17.1,37.3,39.0
Social and community service managers,11-9151,Line item,219.8,233.9,14.1,6.4,3.0,4.5,7.6,6.9,10.2,17.2,18.6
Emergency management directors,11-9161,Line item,13.2,13.6,0.4,3.0,2.9,4.6,7.5,0.4,0.6,1.0,1.0
Funeral home managers,11-9171,Line item,32.1,33.4,1.3,4.1,2.9,4.5,7.4,1.0,1.5,2.4,2.6
"Personal service managers, all other",11-9179,Line item,25.1,26.7,1.6,6.5,2.9,4.5,7.4,0.8,1.2,1.9,2.1
"Managers, all other",11-9199,Line item,1333.7,1393.5,59.8,4.5,2.9,4.5,7.4,39.6,61.1,100.7,106.7
"Agents and business managers of artists, performers, and athletes",13-1011,Line item,21.4,23.2,1.9,8.7,3.7,5.5,9.2,0.8,1.2,2.1,2.2
Buyers and purchasing agents,13-1020,Line item,522.2,552.3,30.1,5.8,3.9,5.2,9.2,21.2,28.1,49.2,52.2
"Claims adjusters, examiners, and investigators",13-1031,Line item,356.1,337.9,-18.2,-5.1,2.5,4.1,6.6,8.8,14.1,22.9,21.1
"Insurance appraisers, auto damage",13-1032,Line item,9.2,8.4,-0.8,-8.2,2.5,4.1,6.6,0.2,0.4,0.6,0.5
Compliance officers,13-1041,Line item,418.0,430.3,12.3,3.0,3.3,4.2,7.6,14.1,17.9,32.0,33.3
Cost estimators,13-1051,Line item,221.4,212.1,-9.3,-4.2,2.8,5.4,8.2,6.2,11.7,17.9,16.9
Human resources specialists,13-1071,Line item,944.3,1002.7,58.4,6.2,2.8,5.0,7.8,27.7,48.2,75.9,81.8
Farm labor contractors,13-1074,Line item,3.9,4.2,0.2,6.0,2.8,5.0,7.8,0.1,0.2,0.3,0.3
Labor relations specialists,13-1075,Line item,65.4,65.4,-0.1,-0.1,2.8,5.0,7.8,1.9,3.2,5.1,5.1
Logisticians,13-1081,Line item,241.0,281.3,40.3,16.7,2.5,6.0,8.6,6.6,15.8,22.4,26.4
Project management specialists,13-1082,Line item,1046.3,1105.0,58.7,5.6,2.3,4.4,6.7,25.0,47.4,72.4,78.2
Management analysts,13-1111,Line item,1075.1,1169.7,94.5,8.8,3.5,4.4,7.9,38.9,49.8,88.7,98.1
"Meeting, convention, and event planners",13-1121,Line item,155.8,163.3,7.5,4.8,3.6,5.7,9.3,5.7,9.1,14.8,15.5
Fundraisers,13-1131,Line item,134.4,140.2,5.8,4.3,3.0,4.1,7.0,4.1,5.6,9.7,10.2
"Compensation, benefits, and job analysis specialists",13-1141,Line item,107.0,112.7,5.6,5.3,2.9,4.3,7.2,3.2,4.7,7.9,8.5
Training and development specialists,13-1151,Line item,452.3,501.0,48.7,10.8,3.0,5.2,8.2,14.3,24.8,39.1,43.9
Market research analysts and marketing specialists,13-1161,Line item,941.7,1004.7,63.0,6.7,2.8,5.5,8.3,27.4,53.5,80.9,87.2
"Business operations specialists, all other",13-1199,Line item,1205.7,1242.0,36.3,3.0,3.4,5.1,8.5,41.8,62.8,104.6,108.2
Accountants and auditors,13-2011,Line item,1579.8,1652.6,72.8,4.6,3.1,4.2,7.2,49.7,67.2,116.9,124.2
Property appraisers and assessors,13-2020,Line item,77.3,80.2,2.9,3.8,4.5,3.1,7.6,3.5,2.4,6.0,6.3
Budget analysts,13-2031,Line item,50.4,51.0,0.5,1.0,2.2,3.8,6.0,1.1,1.9,3.0,3.1
Credit analysts,13-2041,Line item,67.8,64.8,-3.0,-4.4,1.9,4.2,6.1,1.2,2.8,4.0,3.7
Financial and investment analysts,13-2051,Line item,368.5,389.6,21.1,5.7,2.1,4.0,6.1,7.9,15.1,23.0,25.1
Personal financial advisors,13-2052,Line item,326.0,357.2,31.2,9.6,2.8,3.3,6.1,9.6,11.3,21.0,24.1
Insurance underwriters,13-2053,Line item,127.0,123.7,-3.3,-2.6,3.1,3.7,6.8,3.9,4.7,8.6,8.2
Financial risk specialists,13-2054,Line item,60.5,64.4,3.9,6.5,2.8,4.2,7.1,1.8,2.6,4.4,4.8
Financial examiners,13-2061,Line item,65.1,77.2,12.1,18.5,3.3,3.1,6.3,2.3,2.2,4.5,5.7
Credit counselors,13-2071,Line item,31.8,32.9,1.1,3.3,2.7,3.8,6.5,0.9,1.2,2.1,2.2
Loan officers,13-2072,Line item,301.4,306.5,5.0,1.7,2.7,3.8,6.5,8.1,11.7,19.8,20.3
"Tax examiners and collectors, and revenue agents",13-2081,Line item,57.6,56.5,-1.0,-1.8,3.7,4.0,7.7,2.1,2.3,4.4,4.3
Tax preparers,13-2082,Line item,90.6,94.7,4.1,4.5,5.1,5.6,10.8,4.7,5.2,10.0,10.4
"Financial specialists, all other",13-2099,Line item,137.1,141.4,4.3,3.1,2.8,4.2,7.1,4.0,5.9,9.8,10.3
Computer systems analysts,15-1211,Line item,521.1,566.5,45.5,8.7,2.5,2.9,5.5,13.8,15.9,29.7,34.2
Information security analysts,15-1212,Line item,182.8,234.9,52.1,28.5,1.8,3.4,5.2,3.7,7.0,10.8,16.0
Computer and information research scientists,15-1221,Line item,40.3,48.3,7.9,19.7,1.7,3.7,5.4,0.8,1.6,2.4,3.2
Computer network support specialists,15-1231,Line item,152.7,155.5,2.8,1.8,2.4,3.7,6.1,3.7,5.7,9.4,9.6
Computer user support specialists,15-1232,Line item,729.5,702.5,-27.0,-3.7,2.4,3.7,6.1,17.3,26.3,43.5,40.8
Computer network architects,15-1241,Line item,179.2,200.6,21.4,11.9,1.7,3.1,4.8,3.2,5.8,9.0,11.2
Database administrators,15-1242,Line item,78.0,77.5,-0.5,-0.7,2.1,2.8,4.9,1.6,2.2,3.8,3.8
Database architects,15-1243,Line item,66.9,72.7,5.8,8.7,2.1,2.8,4.9,1.5,2.0,3.4,4.0
Network and computer systems administrators,15-1244,Line item,331.5,317.7,-13.8,-4.2,1.9,2.9,4.8,6.1,9.5,15.7,14.3
Computer programmers,15-1251,Line item,121.2,113.9,-7.2,-6.0,2.2,3.0,5.3,2.6,3.6,6.2,5.5
Software developers,15-1252,Line item,1693.8,1961.4,267.7,15.8,1.7,3.2,4.8,30.7,57.7,88.4,115.2
Software quality assurance analysts and testers,15-1253,Line item,201.7,221.9,20.2,10.0,2.4,3.3,5.7,5.0,7.0,12.0,14.0
Web developers,15-1254,Line item,86.0,92.5,6.5,7.5,1.9,3.5,5.4,1.7,3.1,4.8,5.4
Web and digital interface designers,15-1255,Line item,128.9,137.9,9.0,7.0,2.4,3.7,6.1,3.2,4.9,8.2,9.1
"Computer occupations, all other",15-1299,Line item,472.0,510.5,38.5,8.2,2.3,3.2,5.6,11.5,15.9,27.4,31.3
Actuaries,15-2011,Line item,33.6,40.9,7.3,21.8,1.8,2.6,4.4,0.7,1.0,1.6,2.4
Mathematicians,15-2021,Line item,2.4,2.4,0.0,-0.7,2.0,3.2,5.3,0.0,0.1,0.1,0.1
Operations research analysts,15-2031,Line item,112.1,136.2,24.1,21.5,3.1,2.7,5.8,3.9,3.3,7.2,9.6
Statisticians,15-2041,Line item,32.2,34.9,2.7,8.5,2.0,3.2,5.3,0.7,1.1,1.8,2.0
Data scientists,15-2051,Line item,245.9,328.3,82.5,33.5,2.0,3.2,5.3,5.8,9.3,15.1,23.4
"Mathematical science occupations, all other",15-2099,Line item,5.0,5.2,0.2,4.0,2.0,3.2,5.3,0.1,0.2,0.3,0.3
"Architects, except landscape and naval",17-1011,Line item,123.6,128.4,4.8,3.9,2.5,3.3,5.8,3.1,4.2,7.3,7.8
Landscape architects,17-1012,Line item,21.8,22.6,0.8,3.5,3.4,4.0,7.3,0.7,0.9,1.6,1.7
Cartographers and photogrammetrists,17-1021,Line item,13.4,14.3,0.9,6.4,3.4,3.1,6.4,0.5,0.4,0.9,1.0
Surveyors,17-1022,Line item,56.1,58.6,2.5,4.4,3.4,3.1,6.4,1.9,1.8,3.7,3.9
Aerospace engineers,17-2011,Line item,71.6,75.9,4.4,6.1,2.4,3.1,5.5,1.8,2.3,4.1,4.5
Agricultural engineers,17-2021,Line item,1.7,1.8,0.1,5.9,2.0,3.4,5.4,0.0,0.1,0.1,0.1
Bioengineers and biomedical engineers,17-2031,Line item,22.2,23.3,1.1,5.2,2.0,3.4,5.4,0.5,0.8,1.2,1.3
Chemical engineers,17-2041,Line item,21.6,22.1,0.6,2.6,1.6,3.2,4.8,0.4,0.7,1.1,1.1
Civil engineers,17-2051,Line item,368.9,387.5,18.5,5.0,2.1,3.7,5.8,7.8,14.0,21.8,23.6
Computer hardware engineers,17-2061,Line item,76.8,82.4,5.6,7.3,2.0,3.2,5.2,1.6,2.6,4.2,4.7
Electrical engineers,17-2071,Line item,192.0,205.7,13.8,7.2,2.2,3.0,5.2,4.4,5.9,10.4,11.7
"Electronics engineers, except computer",17-2072,Line item,95.9,101.8,6.0,6.2,2.2,3.0,5.2,2.2,2.9,5.2,5.7
Environmental engineers,17-2081,Line item,39.4,41.0,1.5,3.9,3.2,3.8,7.0,1.3,1.5,2.8,3.0
"Health and safety engineers, except mining safety engineers and inspectors",17-2111,Line item,23.8,24.9,1.1,4.4,2.2,3.6,5.8,0.5,0.9,1.4,1.5
Industrial engineers,17-2112,Line item,351.1,389.6,38.5,11.0,2.2,3.6,5.8,8.0,13.4,21.4,25.2
Marine engineers and naval architects,17-2121,Line item,8.5,9.0,0.5,5.8,2.7,3.9,6.6,0.2,0.3,0.6,0.6
Materials engineers,17-2131,Line item,23.0,24.3,1.3,5.7,2.5,3.1,5.6,0.6,0.7,1.3,1.5
Mechanical engineers,17-2141,Line item,293.1,319.6,26.5,9.1,1.9,3.2,5.1,5.8,9.7,15.5,18.1
"Mining and geological engineers, including mining safety engineers",17-2151,Line item,7.0,7.0,0.0,0.7,2.0,4.0,6.0,0.1,0.3,0.4,0.4
Nuclear engineers,17-2161,Line item,15.4,15.3,-0.2,-1.1,2.3,3.3,5.6,0.4,0.5,0.9,0.8
Petroleum engineers,17-2171,Line item,19.6,19.8,0.2,1.3,2.0,4.0,6.0,0.4,0.8,1.2,1.2
"Engineers, all other",17-2199,Line item,158.8,162.1,3.3,2.1,2.3,3.3,5.6,3.7,5.3,9.0,9.3
Architectural and civil drafters,17-3011,Line item,110.5,115.1,4.6,4.1,3.8,4.6,8.4,4.3,5.2,9.5,10.0
Electrical and electronics drafters,17-3012,Line item,21.6,20.4,-1.2,-5.6,3.4,5.1,8.5,0.7,1.1,1.8,1.7
Mechanical drafters,17-3013,Line item,42.9,40.1,-2.8,-6.5,3.4,5.1,8.5,1.4,2.1,3.5,3.3
"Drafters, all other",17-3019,Line item,17.1,15.9,-1.2,-6.9,3.4,5.1,8.5,0.6,0.8,1.4,1.3
Aerospace engineering and operations technologists and technicians,17-3021,Line item,9.3,10.1,0.8,8.1,3.2,5.0,8.3,0.3,0.5,0.8,0.9
Civil engineering technologists and technicians,17-3022,Line item,64.9,66.2,1.4,2.1,3.2,5.0,8.3,2.1,3.3,5.4,5.5
Electrical and electronic engineering technologists and technicians,17-3023,Line item,93.7,94.3,0.6,0.6,3.8,5.0,8.8,3.6,4.7,8.3,8.4
Electro-mechanical and mechatronics technologists and technicians,17-3024,Line item,15.0,15.1,0.2,1.1,3.2,5.0,8.3,0.5,0.8,1.2,1.3
Environmental engineering technologists and technicians,17-3025,Line item,12.9,13.0,0.1,1.2,3.2,5.0,8.3,0.4,0.7,1.1,1.1
Industrial engineering technologists and technicians,17-3026,Line item,74.6,75.9,1.3,1.7,3.2,5.0,8.3,2.4,3.8,6.2,6.3
Mechanical engineering technologists and technicians,17-3027,Line item,38.3,38.3,0.0,0.0,3.2,5.0,8.3,1.2,1.9,3.2,3.2
Calibration technologists and technicians,17-3028,Line item,15.8,16.5,0.7,4.7,3.2,5.0,8.3,0.5,0.8,1.3,1.4
"Engineering technologists and technicians, except drafters, all other",17-3029,Line item,67.3,68.3,1.0,1.5,3.2,5.0,8.3,2.2,3.4,5.6,5.7
Surveying and mapping technicians,17-3031,Line item,59.4,62.1,2.7,4.5,3.6,8.5,12.1,2.2,5.2,7.4,7.6
Animal scientists,19-1011,Line item,2.8,2.9,0.2,5.8,1.5,5.8,7.3,0.0,0.2,0.2,0.2
Food scientists and technologists,19-1012,Line item,15.2,16.2,1.0,6.5,1.5,5.8,7.3,0.2,0.9,1.1,1.2
Soil and plant scientists,19-1013,Line item,20.7,21.8,1.1,5.4,1.5,5.8,7.3,0.3,1.2,1.6,1.7
Biochemists and biophysicists,19-1021,Line item,35.6,37.6,2.1,5.8,2.0,5.5,7.4,0.7,2.0,2.7,2.9
Microbiologists,19-1022,Line item,20.7,21.6,0.8,4.1,2.0,5.5,7.4,0.4,1.2,1.6,1.7
Zoologists and wildlife biologists,19-1023,Line item,18.2,18.5,0.3,1.6,2.0,5.5,7.4,0.4,1.0,1.4,1.4
"Biological scientists, all other",19-1029,Line item,63.7,64.5,0.8,1.2,2.0,5.5,7.4,1.3,3.5,4.8,4.8
Conservation scientists,19-1031,Line item,28.5,29.5,1.0,3.4,2.5,5.6,8.1,0.7,1.6,2.4,2.5
Foresters,19-1032,Line item,13.8,14.0,0.2,1.2,2.5,5.6,8.1,0.3,0.8,1.1,1.1
Epidemiologists,19-1041,Line item,12.3,14.3,2.0,16.2,1.4,3.4,4.7,0.2,0.4,0.6,0.8
"Medical scientists, except epidemiologists",19-1042,Line item,165.3,179.6,14.3,8.7,1.4,3.4,4.7,2.3,5.8,8.1,9.6
"Life scientists, all other",19-1099,Line item,7.8,8.1,0.3,3.7,1.4,3.4,4.7,0.1,0.3,0.4,0.4
Astronomers,19-2011,Line item,1.8,1.8,0.0,2.2,2.4,3.8,6.2,0.0,0.1,0.1,0.1
Physicists,19-2012,Line item,24.6,25.6,1.0,4.0,2.4,3.8,6.2,0.6,1.0,1.6,1.7
Atmospheric and space scientists,19-2021,Line item,9.4,9.5,0.1,0.7,1.8,5.8,7.6,0.2,0.5,0.7,0.7
Chemists,19-2031,Line item,86.8,91.0,4.3,4.9,1.6,5.0,6.6,1.5,4.4,5.9,6.3
Materials scientists,19-2032,Line item,8.7,9.1,0.4,4.9,1.6,5.0,6.6,0.1,0.4,0.6,0.6
"Environmental scientists and specialists, including health",19-2041,Line item,90.3,94.3,4.0,4.4,2.0,6.8,8.8,1.8,6.3,8.1,8.5
"Geoscientists, except hydrologists and geographers",19-2042,Line item,25.1,26.0,0.8,3.2,1.9,5.6,7.5,0.5,1.4,1.9,2.0
Hydrologists,19-2043,Line item,6.3,6.3,0.0,-0.1,1.9,5.6,7.5,0.1,0.3,0.5,0.5
"Physical scientists, all other",19-2099,Line item,31.9,32.1,0.2,0.6,1.6,4.5,6.1,0.5,1.5,1.9,2.0
Economists,19-3011,Line item,17.6,17.8,0.2,1.2,1.5,3.7,5.2,0.3,0.7,0.9,0.9
Survey researchers,19-3022,Line item,8.8,8.3,-0.5,-5.2,2.0,6.2,8.2,0.2,0.5,0.7,0.7
Industrial-organizational psychologists,19-3032,Line item,5.6,5.9,0.3,6.3,3.7,2.7,6.4,0.2,0.2,0.4,0.4
Clinical and counseling psychologists,19-3033,Line item,76.3,84.8,8.5,11.2,2.7,2.2,4.9,2.2,1.8,3.9,4.8
School psychologists,19-3034,Line item,67.2,67.7,0.5,0.7,2.2,3.4,5.6,1.5,2.3,3.8,3.8
"Psychologists, all other",19-3039,Line item,55.3,57.7,2.4,4.3,3.7,2.7,6.4,2.1,1.5,3.6,3.9
Sociologists,19-3041,Line item,3.4,3.6,0.1,3.6,2.0,6.2,8.2,0.1,0.2,0.3,0.3
Urban and regional planners,19-3051,Line item,44.7,46.2,1.5,3.4,1.8,5.3,7.1,0.8,2.4,3.3,3.4
Anthropologists and archeologists,19-3091,Line item,8.8,9.2,0.3,3.7,2.0,6.2,8.2,0.2,0.6,0.7,0.8
Geographers,19-3092,Line item,1.5,1.5,0.0,-3.1,2.0,6.2,8.2,0.0,0.1,0.1,0.1
Historians,19-3093,Line item,3.4,3.5,0.1,2.2,2.0,6.2,8.2,0.1,0.2,0.3,0.3
Political scientists,19-3094,Line item,6.5,6.3,-0.2,-3.1,2.0,6.2,8.2,0.1,0.4,0.5,0.5
"Social scientists and related workers, all other",19-3099,Line item,40.8,40.1,-0.7,-1.7,2.0,6.2,8.2,0.8,2.5,3.3,3.2
Agricultural technicians,19-4012,Line item,18.6,19.4,0.8,4.3,2.1,12.8,14.9,0.4,2.4,2.8,2.9
Food science technicians,19-4013,Line item,20.4,21.3,1.0,4.8,2.1,12.8,14.9,0.4,2.7,3.1,3.2
Biological technicians,19-4021,Line item,82.7,85.6,2.9,3.5,2.0,8.4,10.4,1.7,7.1,8.8,9.1
Chemical technicians,19-4031,Line item,57.0,59.0,2.1,3.7,1.8,9.4,11.3,1.1,5.5,6.5,6.7
"Environmental science and protection technicians, including health",19-4042,Line item,40.4,42.1,1.6,4.0,2.2,11.0,13.2,0.9,4.5,5.4,5.6
"Geological technicians, except hydrologic technicians",19-4043,Line item,9.8,10.0,0.1,1.5,2.2,11.0,13.2,0.2,1.1,1.3,1.3
Hydrologic technicians,19-4044,Line item,3.1,3.0,-0.1,-2.1,2.2,11.0,13.2,0.1,0.3,0.4,0.4
Nuclear technicians,19-4051,Line item,6.0,5.5,-0.5,-7.7,2.2,11.0,13.2,0.1,0.6,0.8,0.7
Social science research assistants,19-4061,Line item,40.6,42.3,1.8,4.4,2.3,9.8,12.2,1.0,4.1,5.0,5.2
Forest and conservation technicians,19-4071,Line item,33.8,32.7,-1.1,-3.2,2.3,9.8,12.2,0.8,3.3,4.0,3.9
Forensic science technicians,19-4092,Line item,20.7,23.3,2.6,12.8,2.3,9.8,12.2,0.5,2.2,2.7,2.9
"Life, physical, and social science technicians, all other",19-4099,Line item,83.2,86.2,2.9,3.5,2.3,9.8,12.2,2.0,8.3,10.3,10.6
Occupational health and safety specialists,19-5011,Line item,131.9,148.4,16.5,12.5,1.9,7.6,9.4,2.6,10.6,13.2,14.9
Occupational health and safety technicians,19-5012,Line item,31.9,34.6,2.7,8.5,1.9,7.6,9.4,0.6,2.5,3.1,3.4
"Educational, guidance, and career counselors and advisors",21-1012,Line item,376.3,389.6,13.3,3.5,3.3,4.4,7.7,12.8,16.8,29.6,31.0
Marriage and family therapists,21-1013,Line item,77.8,87.7,9.8,12.6,4.4,3.7,8.1,3.7,3.0,6.7,7.7
Rehabilitation counselors,21-1015,Line item,91.9,93.2,1.3,1.4,5.3,5.4,10.6,4.9,5.0,9.8,10.0
"Substance abuse, behavioral disorder, and mental health counselors",21-1018,Line item,483.5,564.6,81.0,16.8,3.3,4.4,7.7,17.2,23.0,40.2,48.3
"Counselors, all other",21-1019,Line item,69.1,77.8,8.7,12.6,3.9,5.0,9.0,2.9,3.7,6.6,7.4
"Child, family, and school social workers",21-1021,Line item,399.9,413.3,13.4,3.4,3.8,4.5,8.3,15.5,18.2,33.7,35.1
Healthcare social workers,21-1022,Line item,193.2,208.1,14.8,7.7,3.7,4.8,8.4,7.3,9.6,17.0,18.4
Mental health and substance abuse social workers,21-1023,Line item,136.8,150.1,13.3,9.7,4.7,3.8,8.5,6.8,5.4,12.2,13.5
"Social workers, all other",21-1029,Line item,81.0,84.1,3.1,3.9,3.3,4.7,8.1,2.7,3.9,6.6,7.0
Health education specialists,21-1091,Line item,71.8,75.0,3.2,4.5,4.6,5.8,10.3,3.4,4.2,7.6,7.9
Probation officers and correctional treatment specialists,21-1092,Line item,92.3,94.8,2.4,2.6,2.9,5.3,8.2,2.7,5.0,7.7,7.9
Social and human service assistants,21-1093,Line item,449.6,478.5,28.9,6.4,4.3,5.9,10.3,20.2,27.5,47.7,50.6
Community health workers,21-1094,Line item,65.1,72.5,7.4,11.3,4.6,5.8,10.3,3.2,4.0,7.1,7.8
"Community and social service specialists, all other",21-1099,Line item,119.2,124.7,5.5,4.6,4.6,5.8,10.3,5.6,7.0,12.6,13.1
Clergy,21-2011,Line item,262.0,264.6,2.6,1.0,4.5,4.1,8.6,11.9,10.8,22.7,23.0
"Directors, religious activities and education",21-2021,Line item,138.9,141.8,2.9,2.1,4.5,5.2,9.7,6.3,7.3,13.6,13.8
"Religious workers, all other",21-2099,Line item,88.4,89.0,0.6,0.6,6.7,5.7,12.5,6.0,5.1,11.1,11.1
Lawyers,23-1011,Line item,864.8,900.7,35.9,4.1,1.8,1.4,3.2,15.7,12.2,27.9,31.5
Judicial law clerks,23-1012,Line item,14.5,14.9,0.4,2.5,2.4,4.4,6.8,0.4,0.6,1.0,1.0
"Administrative law judges, adjudicators, and hearing officers",23-1021,Line item,17.5,17.4,-0.1,-0.7,1.8,1.4,3.2,0.3,0.2,0.6,0.5
"Arbitrators, mediators, and conciliators",23-1022,Line item,9.1,9.5,0.4,4.3,1.8,1.4,3.2,0.2,0.1,0.3,0.3
"Judges, magistrate judges, and magistrates",23-1023,Line item,27.3,28.0,0.7,2.5,1.8,1.4,3.2,0.5,0.4,0.9,0.9
Paralegals and legal assistants,23-2011,Line item,376.2,376.8,0.6,0.2,3.2,7.2,10.4,12.0,27.2,39.2,39.3
"Title examiners, abstractors, and searchers",23-2093,Line item,57.4,58.5,1.1,2.0,3.0,6.2,9.2,1.7,3.6,5.3,5.4
"Legal support workers, all other",23-2099,Line item,51.3,50.7,-0.6,-1.2,3.2,6.2,9.4,1.6,3.2,4.8,4.7
"Business teachers, postsecondary",25-1011,Line item,103.1,109.0,5.8,5.7,3.9,3.2,7.1,4.1,3.4,7.6,8.1
"Computer science teachers, postsecondary",25-1021,Line item,44.8,47.2,2.4,5.3,3.9,3.2,7.1,1.8,1.5,3.3,3.5
"Mathematical science teachers, postsecondary",25-1022,Line item,58.9,60.2,1.3,2.3,3.9,3.2,7.1,2.3,1.9,4.2,4.4
"Architecture teachers, postsecondary",25-1031,Line item,11.6,11.9,0.2,2.0,3.9,3.2,7.1,0.5,0.4,0.8,0.9
"Engineering teachers, postsecondary",25-1032,Line item,50.3,54.4,4.1,8.1,3.9,3.2,7.1,2.0,1.7,3.7,4.1
"Agricultural sciences teachers, postsecondary",25-1041,Line item,10.7,11.2,0.4,4.1,3.9,3.2,7.1,0.4,0.4,0.8,0.8
"Biological science teachers, postsecondary",25-1042,Line item,66.0,70.8,4.8,7.3,3.9,3.2,7.1,2.7,2.2,4.9,5.4
"Forestry and conservation science teachers, postsecondary",25-1043,Line item,1.6,1.7,0.1,4.0,3.9,3.2,7.1,0.1,0.1,0.1,0.1
"Atmospheric, earth, marine, and space sciences teachers, postsecondary",25-1051,Line item,14.0,14.4,0.4,2.6,3.9,3.2,7.1,0.6,0.5,1.0,1.0
"Chemistry teachers, postsecondary",25-1052,Line item,25.4,26.0,0.6,2.2,3.9,3.2,7.1,1.0,0.8,1.8,1.9
"Environmental science teachers, postsecondary",25-1053,Line item,9.0,9.3,0.3,2.9,3.9,3.2,7.1,0.4,0.3,0.7,0.7
"Physics teachers, postsecondary",25-1054,Line item,17.1,17.5,0.4,2.5,3.9,3.2,7.1,0.7,0.6,1.2,1.3
"Anthropology and archeology teachers, postsecondary",25-1061,Line item,6.5,6.7,0.2,2.7,3.9,3.2,7.1,0.3,0.2,0.5,0.5
"Area, ethnic, and cultural studies teachers, postsecondary",25-1062,Line item,14.5,14.8,0.3,2.4,3.9,3.2,7.1,0.6,0.5,1.0,1.1
"Economics teachers, postsecondary",25-1063,Line item,15.8,16.1,0.3,2.1,3.9,3.2,7.1,0.6,0.5,1.1,1.2
"Geography teachers, postsecondary",25-1064,Line item,4.0,4.2,0.1,3.3,3.9,3.2,7.1,0.2,0.1,0.3,0.3
"Political science teachers, postsecondary",25-1065,Line item,21.8,22.2,0.4,2.0,3.9,3.2,7.1,0.9,0.7,1.6,1.6
"Psychology teachers, postsecondary",25-1066,Line item,52.5,54.4,1.9,3.6,3.9,3.2,7.1,2.1,1.7,3.8,4.0
"Sociology teachers, postsecondary",25-1067,Line item,15.4,15.7,0.3,2.1,3.9,3.2,7.1,0.6,0.5,1.1,1.1
"Social sciences teachers, postsecondary, all other",25-1069,Line item,20.7,21.1,0.4,1.7,3.9,3.2,7.1,0.8,0.7,1.5,1.5
"Health specialties teachers, postsecondary",25-1071,Line item,289.6,339.7,50.1,17.3,3.9,3.2,7.1,12.2,10.2,22.4,27.4
"Nursing instructors and teachers, postsecondary",25-1072,Line item,91.6,106.9,15.3,16.8,3.9,3.2,7.1,3.9,3.2,7.1,8.6
"Education teachers, postsecondary",25-1081,Line item,74.9,76.5,1.6,2.1,3.9,3.2,7.1,2.9,2.5,5.4,5.6
"Library science teachers, postsecondary",25-1082,Line item,5.1,5.3,0.2,3.0,3.9,3.2,7.1,0.2,0.2,0.4,0.4
"Criminal justice and law enforcement teachers, postsecondary",25-1111,Line item,16.2,16.5,0.3,2.0,3.9,3.2,7.1,0.6,0.5,1.2,1.2
"Law teachers, postsecondary",25-1112,Line item,29.5,30.2,0.6,2.2,3.9,3.2,7.1,1.2,1.0,2.1,2.2
"Social work teachers, postsecondary",25-1113,Line item,17.1,17.5,0.4,2.3,3.9,3.2,7.1,0.7,0.6,1.2,1.3
"Art, drama, and music teachers, postsecondary",25-1121,Line item,122.8,124.8,2.1,1.7,3.9,3.2,7.1,4.8,4.0,8.8,9.0
"Communications teachers, postsecondary",25-1122,Line item,35.8,36.6,0.8,2.1,3.9,3.2,7.1,1.4,1.2,2.6,2.7
"English language and literature teachers, postsecondary",25-1123,Line item,72.2,72.2,0.0,0.0,3.9,3.2,7.1,2.8,2.3,5.1,5.1
"Foreign language and literature teachers, postsecondary",25-1124,Line item,26.4,26.4,0.0,-0.2,3.9,3.2,7.1,1.0,0.9,1.9,1.9
"History teachers, postsecondary",25-1125,Line item,24.6,24.6,-0.1,-0.2,3.9,3.2,7.1,1.0,0.8,1.8,1.7
"Philosophy and religion teachers, postsecondary",25-1126,Line item,27.3,27.5,0.2,0.7,3.9,3.2,7.1,1.1,0.9,2.0,2.0
"Family and consumer sciences teachers, postsecondary",25-1192,Line item,3.2,3.3,0.1,3.4,3.9,3.2,7.1,0.1,0.1,0.2,0.2
"Recreation and fitness studies teachers, postsecondary",25-1193,Line item,15.4,15.7,0.4,2.4,3.9,3.2,7.1,0.6,0.5,1.1,1.1
"Career/technical education teachers, postsecondary",25-1194,Line item,122.2,123.0,0.8,0.7,3.9,3.2,7.1,4.8,4.0,8.7,8.8
"Postsecondary teachers, all other",25-1199,Line item,183.4,186.8,3.4,1.8,3.9,3.2,7.1,7.2,6.0,13.2,13.5
"Preschool teachers, except special education",25-2011,Line item,555.1,578.1,22.9,4.1,4.7,6.4,11.1,26.8,36.4,63.2,65.5
"Kindergarten teachers, except special education",25-2012,Line item,117.2,115.2,-1.9,-1.6,4.7,6.4,11.1,5.5,7.5,13.0,12.8
"Elementary school teachers, except special education",25-2021,Line item,1422.7,1394.8,-27.9,-2.0,3.4,3.3,6.7,47.3,46.5,93.8,91.0
"Middle school teachers, except special and career/technical education",25-2022,Line item,633.7,621.3,-12.4,-2.0,3.4,3.3,6.7,21.1,20.7,41.8,40.5
"Career/technical education teachers, middle school",25-2023,Line item,14.0,13.8,-0.3,-2.0,3.4,3.3,6.7,0.5,0.5,0.9,0.9
"Secondary school teachers, except special and career/technical education",25-2031,Line item,1094.5,1076.7,-17.8,-1.6,3.1,3.2,6.3,33.3,34.6,68.0,66.2
"Career/technical education teachers, secondary school",25-2032,Line item,103.4,101.5,-1.9,-1.8,3.1,3.2,6.3,3.1,3.3,6.4,6.2
"Special education teachers, preschool",25-2051,Line item,29.3,29.7,0.4,1.4,3.5,3.5,6.9,1.0,1.0,2.1,2.1
"Special education teachers, kindergarten and elementary school",25-2052,Line item,230.2,226.1,-4.1,-1.8,3.5,3.5,6.9,8.0,7.9,15.9,15.4
"Special education teachers, middle school",25-2057,Line item,94.8,93.0,-1.8,-1.9,3.5,3.5,6.9,3.3,3.2,6.5,6.3
"Special education teachers, secondary school",25-2058,Line item,164.2,161.5,-2.6,-1.6,3.5,3.5,6.9,5.7,5.6,11.3,11.1
"Special education teachers, all other",25-2059,Line item,41.0,41.5,0.4,1.1,3.5,3.5,6.9,1.4,1.4,2.9,2.9
"Adult basic education, adult secondary education, and english as a second language instructors",25-3011,Line item,40.9,35.3,-5.6,-13.7,5.9,5.8,11.7,2.2,2.2,4.5,3.9
Self-enrichment teachers,25-3021,Line item,417.5,433.0,15.5,3.7,5.9,5.8,11.7,24.9,24.9,49.8,51.4
"Substitute teachers, short-term",25-3031,Line item,510.1,518.5,8.4,1.6,5.9,5.8,11.7,30.2,30.1,60.2,61.1
Tutors,25-3041,Line item,215.5,216.8,1.3,0.6,9.0,8.1,17.1,19.5,17.4,36.9,37.1
"Teachers and instructors, all other",25-3099,Line item,153.8,153.5,-0.2,-0.1,5.9,5.8,11.7,9.0,9.0,18.0,18.0
Archivists,25-4011,Line item,9.3,9.7,0.4,3.8,5.5,5.5,11.0,0.5,0.5,1.0,1.1
Curators,25-4012,Line item,15.1,16.2,1.1,7.0,5.5,5.5,11.0,0.9,0.9,1.7,1.8
Museum technicians and conservators,25-4013,Line item,15.7,16.5,0.8,5.4,5.5,5.5,11.0,0.9,0.9,1.8,1.9
Librarians and media collections specialists,25-4022,Line item,142.1,144.5,2.4,1.7,5.3,3.9,9.2,7.6,5.7,13.2,13.5
Library technicians,25-4031,Line item,78.6,73.2,-5.4,-6.8,9.3,8.5,17.8,7.0,6.5,13.5,13.0
Farm and home management educators,25-9021,Line item,12.4,12.1,-0.3,-2.5,4.9,4.3,9.2,0.6,0.5,1.1,1.1
Instructional coordinators,25-9031,Line item,232.6,235.5,2.9,1.3,4.9,4.3,9.2,11.5,10.1,21.6,21.9
"Teaching assistants, postsecondary",25-9044,Line item,193.6,199.6,6.0,3.1,5.8,6.5,12.2,11.3,12.7,24.0,24.6
"Teaching assistants, except postsecondary",25-9045,Line item,1422.8,1401.7,-21.1,-1.5,5.8,6.5,12.2,81.3,91.2,172.5,170.4
"Educational instruction and library workers, all other",25-9099,Line item,132.0,134.0,2.0,1.5,4.9,4.3,9.2,6.5,5.7,12.3,12.5
Art directors,27-1011,Line item,135.0,140.7,5.7,4.2,4.1,4.4,8.5,5.7,6.0,11.7,12.3
Craft artists,27-1012,Line item,11.6,11.9,0.2,2.1,4.1,4.4,8.5,0.5,0.5,1.0,1.0
"Fine artists, including painters, sculptors, and illustrators",27-1013,Line item,26.5,26.2,-0.3,-1.2,4.1,4.4,8.5,1.1,1.2,2.2,2.2
Special effects artists and animators,27-1014,Line item,57.1,58.0,0.9,1.6,4.1,4.4,8.5,2.4,2.5,4.9,5.0
"Artists and related workers, all other",27-1019,Line item,13.9,14.0,0.1,0.8,4.1,4.4,8.5,0.6,0.6,1.2,1.2
Commercial and industrial designers,27-1021,Line item,30.6,31.6,1.0,3.2,3.0,4.7,7.7,0.9,1.5,2.4,2.5
Fashion designers,27-1022,Line item,25.7,26.2,0.5,2.0,3.4,5.3,8.7,0.9,1.4,2.3,2.3
Floral designers,27-1023,Line item,43.8,41.2,-2.6,-5.9,6.8,5.8,12.6,2.9,2.5,5.4,5.1
Graphic designers,27-1024,Line item,265.9,271.5,5.7,2.1,2.4,4.8,7.2,6.5,13.0,19.5,20.0
Interior designers,27-1025,Line item,87.1,89.9,2.8,3.2,3.9,4.5,8.4,3.5,4.0,7.5,7.8
Merchandise displayers and window trimmers,27-1026,Line item,193.0,199.3,6.2,3.2,4.7,5.6,10.3,9.2,11.0,20.2,20.8
Set and exhibit designers,27-1027,Line item,31.3,32.0,0.7,2.3,2.8,4.8,7.6,0.9,1.5,2.4,2.5
"Designers, all other",27-1029,Line item,28.6,29.2,0.6,2.0,2.8,4.8,7.6,0.8,1.4,2.2,2.2
Actors,27-2011,Line item,57.0,57.1,0.2,0.3,4.5,6.5,11.0,2.6,3.7,6.3,6.3
Producers and directors,27-2012,Line item,167.0,175.2,8.3,4.9,2.2,4.9,7.0,3.7,8.3,12.0,12.8
Athletes and sports competitors,27-2021,Line item,19.1,20.2,1.0,5.5,2.4,7.9,10.3,0.5,1.6,2.0,2.1
Coaches and scouts,27-2022,Line item,306.5,326.0,19.5,6.4,6.0,6.6,12.6,18.9,20.9,39.8,41.8
"Umpires, referees, and other sports officials",27-2023,Line item,19.3,20.4,1.1,5.7,13.3,9.3,22.6,2.6,1.8,4.5,4.6
Dancers,27-2031,Line item,12.3,12.9,0.6,4.5,5.7,8.1,13.8,0.7,1.0,1.7,1.8
Choreographers,27-2032,Line item,4.6,4.9,0.3,6.1,5.7,8.1,13.8,0.3,0.4,0.7,0.7
Music directors and composers,27-2041,Line item,47.3,47.2,-0.1,-0.3,4.0,5.1,9.1,1.9,2.4,4.3,4.3
Musicians and singers,27-2042,Line item,169.8,171.6,1.8,1.1,6.1,5.1,11.3,10.5,8.7,19.2,19.4
"Disc jockeys, except radio",27-2091,Line item,15.4,16.0,0.6,3.8,3.6,5.4,9.0,0.6,0.8,1.4,1.5
"Entertainers and performers, sports and related workers, all other",27-2099,Line item,35.8,38.0,2.1,6.0,4.7,6.6,11.3,1.7,2.4,4.2,4.4
Broadcast announcers and radio disc jockeys,27-3011,Line item,24.1,22.8,-1.3,-5.5,4.8,5.7,10.5,1.1,1.3,2.5,2.3
"News analysts, reporters, and journalists",27-3023,Line item,49.3,47.4,-1.9,-3.9,4.1,4.9,9.0,2.0,2.4,4.3,4.1
Public relations specialists,27-3031,Line item,315.9,331.0,15.0,4.8,2.8,5.3,8.1,9.0,17.1,26.1,27.6
Editors,27-3041,Line item,115.8,116.5,0.7,0.6,3.6,4.8,8.4,4.1,5.6,9.7,9.8
Technical writers,27-3042,Line item,56.4,56.9,0.5,0.9,3.2,4.6,7.8,1.8,2.6,4.4,4.5
Writers and authors,27-3043,Line item,135.4,140.3,4.9,3.6,4.7,4.7,9.4,6.5,6.4,13.0,13.4
Interpreters and translators,27-3091,Line item,75.3,76.6,1.3,1.7,5.0,4.0,9.0,3.8,3.0,6.8,6.9
Court reporters and simultaneous captioners,27-3092,Line item,17.7,17.7,0.0,-0.3,5.0,4.5,9.5,0.9,0.8,1.7,1.7
"Media and communication workers, all other",27-3099,Line item,34.3,35.3,0.9,2.7,2.8,5.6,8.4,1.0,2.0,2.9,3.0
Audio and video technicians,27-4011,Line item,92.3,95.4,3.1,3.3,2.3,5.2,7.5,2.2,4.8,7.0,7.3
Broadcast technicians,27-4012,Line item,24.8,24.2,-0.7,-2.8,2.3,5.2,7.5,0.6,1.3,1.8,1.8
Sound engineering technicians,27-4014,Line item,16.9,16.6,-0.3,-1.7,2.3,5.2,7.5,0.4,0.9,1.3,1.2
Lighting technicians,27-4015,Line item,12.1,11.5,-0.6,-4.6,2.3,5.2,7.5,0.3,0.6,0.9,0.8
Photographers,27-4021,Line item,151.2,154.0,2.8,1.8,3.2,4.9,8.1,4.9,7.5,12.4,12.7
"Camera operators, television, video, and film",27-4031,Line item,36.4,36.9,0.4,1.2,2.3,5.4,7.7,0.8,2.0,2.8,2.9
Film and video editors,27-4032,Line item,43.5,45.2,1.7,4.0,2.3,5.4,7.7,1.0,2.4,3.4,3.6
"Media and communication equipment workers, all other",27-4099,Line item,15.1,15.2,0.1,0.6,2.3,5.2,7.5,0.4,0.8,1.1,1.1
Chiropractors,29-1011,Line item,57.2,62.6,5.4,9.5,3.0,0.7,3.7,1.8,0.4,2.2,2.8
"Dentists, general",29-1021,Line item,129.8,135.2,5.4,4.1,2.2,0.4,2.6,2.9,0.5,3.4,3.9
Oral and maxillofacial surgeons,29-1022,Line item,6.1,6.4,0.3,4.1,2.2,0.4,2.6,0.1,0.0,0.2,0.2
Orthodontists,29-1023,Line item,5.9,6.2,0.3,4.4,2.2,0.4,2.6,0.1,0.0,0.2,0.2
Prosthodontists,29-1024,Line item,0.9,0.9,0.0,4.5,2.2,0.4,2.6,0.0,0.0,0.0,0.0
"Dentists, all other specialists",29-1029,Line item,6.6,6.6,0.0,0.3,2.2,0.4,2.6,0.1,0.0,0.2,0.2
Dietitians and nutritionists,29-1031,Line item,90.9,95.9,5.0,5.5,3.3,2.8,6.1,3.1,2.6,5.7,6.2
Optometrists,29-1041,Line item,47.8,51.6,3.8,8.0,3.6,0.4,4.0,1.8,0.2,2.0,2.4
Pharmacists,29-1051,Line item,335.1,350.5,15.4,4.6,2.4,1.3,3.7,8.1,4.5,12.6,14.2
Physician assistants,29-1071,Line item,162.7,195.8,33.2,20.4,2.0,2.8,4.9,3.6,5.1,8.7,12.0
Podiatrists,29-1081,Line item,9.7,9.9,0.2,1.8,2.3,0.5,2.8,0.2,0.0,0.3,0.3
Occupational therapists,29-1122,Line item,160.0,182.1,22.1,13.8,2.2,2.4,4.7,3.8,4.2,8.0,10.2
Physical therapists,29-1123,Line item,267.2,296.4,29.3,10.9,2.1,1.5,3.7,6.0,4.3,10.3,13.2
Radiation therapists,29-1124,Line item,19.2,19.6,0.4,1.9,2.3,2.1,4.4,0.4,0.4,0.9,0.9
Recreational therapists,29-1125,Line item,16.1,16.6,0.5,3.3,3.6,4.0,7.6,0.6,0.7,1.2,1.3
Respiratory therapists,29-1126,Line item,139.6,156.4,16.8,12.1,2.7,2.1,4.8,4.0,3.1,7.1,8.8
Speech-language pathologists,29-1127,Line item,187.4,215.5,28.2,15.0,2.6,2.6,5.2,5.2,5.3,10.5,13.3
Exercise physiologists,29-1128,Line item,23.9,26.1,2.3,9.5,3.0,2.8,5.8,0.8,0.7,1.4,1.7
"Therapists, all other",29-1129,Line item,56.1,62.5,6.4,11.5,3.0,2.8,5.8,1.8,1.6,3.4,4.1
Veterinarians,29-1131,Line item,86.4,94.7,8.3,9.6,1.5,0.8,2.4,1.4,0.8,2.2,3.0
Registered nurses,29-1141,Line item,3391.0,3557.1,166.1,4.9,2.8,2.1,5.0,97.9,74.6,172.4,189.1
Nurse anesthetists,29-1151,Line item,53.8,58.5,4.6,8.6,2.2,1.7,4.0,1.3,1.0,2.2,2.7
Nurse midwives,29-1161,Line item,8.6,9.5,0.9,11.1,2.2,2.1,4.3,0.2,0.2,0.4,0.5
Nurse practitioners,29-1171,Line item,320.4,448.8,128.4,40.1,2.2,2.1,4.3,8.6,8.1,16.6,29.5
Audiologists,29-1181,Line item,15.8,17.3,1.5,9.5,2.4,0.9,3.2,0.4,0.1,0.5,0.7
Anesthesiologists,29-1211,Line item,45.3,46.7,1.4,3.2,2.1,0.4,2.5,1.0,0.2,1.2,1.3
Cardiologists,29-1212,Line item,19.4,20.2,0.8,4.1,2.1,0.4,2.5,0.4,0.1,0.5,0.6
Dermatologists,29-1213,Line item,10.9,11.6,0.7,6.4,2.1,0.4,2.5,0.2,0.0,0.3,0.4
Emergency medicine physicians,29-1214,Line item,36.1,37.1,1.0,2.7,2.1,0.4,2.5,0.8,0.2,0.9,1.0
Family medicine physicians,29-1215,Line item,116.0,119.1,3.1,2.7,2.1,0.4,2.5,2.5,0.5,3.0,3.3
General internal medicine physicians,29-1216,Line item,73.2,75.6,2.4,3.3,2.1,0.4,2.5,1.6,0.3,1.9,2.1
Neurologists,29-1217,Line item,8.3,8.8,0.5,5.4,2.1,0.4,2.5,0.2,0.0,0.2,0.3
Obstetricians and gynecologists,29-1218,Line item,21.5,21.7,0.3,1.2,2.1,0.4,2.5,0.5,0.1,0.5,0.6
"Pediatricians, general",29-1221,Line item,46.4,46.8,0.4,0.8,2.1,0.4,2.5,1.0,0.2,1.2,1.2
"Physicians, pathologists",29-1222,Line item,12.6,13.1,0.5,4.2,2.1,0.4,2.5,0.3,0.1,0.3,0.4
Psychiatrists,29-1223,Line item,27.1,28.8,1.7,6.1,2.1,0.4,2.5,0.6,0.1,0.7,0.9
Radiologists,29-1224,Line item,28.2,29.0,0.8,2.7,2.1,0.4,2.5,0.6,0.1,0.7,0.8
"Physicians, all other",29-1229,Line item,340.7,349.3,8.6,2.5,2.1,0.4,2.5,7.2,1.5,8.7,9.6
"Ophthalmologists, except pediatric",29-1241,Line item,12.5,13.1,0.5,4.3,1.6,0.4,2.0,0.2,0.1,0.3,0.3
"Orthopedic surgeons, except pediatric",29-1242,Line item,14.7,15.3,0.6,4.1,1.6,0.4,2.0,0.2,0.1,0.3,0.4
Pediatric surgeons,29-1243,Line item,1.1,1.1,0.0,1.5,1.6,0.4,2.0,0.0,0.0,0.0,0.0
"Surgeons, all other",29-1249,Line item,25.1,26.0,1.0,3.9,1.6,0.4,2.0,0.4,0.1,0.5,0.6
Acupuncturists,29-1291,Line item,15.3,16.4,1.0,6.8,3.9,1.0,4.9,0.6,0.2,0.8,0.9
Dental hygienists,29-1292,Line item,221.6,237.2,15.5,7.0,3.7,2.2,6.0,8.6,5.1,13.7,15.3
"Healthcare diagnosing or treating practitioners, all other",29-1299,Line item,41.3,42.2,0.8,2.0,3.4,2.0,5.4,1.4,0.8,2.3,2.4
Clinical laboratory technologists and technicians,29-2010,Line item,351.2,357.2,6.0,1.7,3.1,3.1,6.2,11.0,11.0,22.0,22.6
Cardiovascular technologists and technicians,29-2031,Line item,64.7,66.6,1.9,3.0,2.8,2.7,5.4,1.8,1.7,3.6,3.8
Diagnostic medical sonographers,29-2032,Line item,90.0,101.7,11.7,13.0,2.5,2.4,4.8,2.4,2.3,4.6,5.8
Nuclear medicine technologists,29-2033,Line item,20.0,20.6,0.6,3.0,2.2,2.1,4.3,0.4,0.4,0.9,0.9
Radiologic technologists and technicians,29-2034,Line item,228.0,237.8,9.8,4.3,2.7,2.4,5.1,6.4,5.5,11.9,12.9
Magnetic resonance imaging technologists,29-2035,Line item,44.1,47.2,3.1,7.1,2.5,2.4,4.9,1.2,1.1,2.2,2.6
Medical dosimetrists,29-2036,Line item,4.8,4.9,0.2,3.5,2.2,2.1,4.3,0.1,0.1,0.2,0.2
Emergency medical technicians,29-2042,Line item,181.0,190.2,9.2,5.1,2.4,4.7,7.1,4.4,8.8,13.2,14.1
Paramedics,29-2043,Line item,101.9,107.0,5.1,5.0,1.7,2.5,4.2,1.8,2.6,4.4,4.9
Dietetic technicians,29-2051,Line item,30.9,31.7,0.8,2.5,5.6,7.1,12.7,1.7,2.2,4.0,4.0
Pharmacy technicians,29-2052,Line item,490.4,521.8,31.5,6.4,3.7,5.3,9.1,18.9,27.0,45.9,49.0
Psychiatric technicians,29-2053,Line item,144.5,173.3,28.9,20.0,3.4,4.8,8.2,5.4,7.6,13.0,15.9
Surgical technologists,29-2055,Line item,115.6,120.8,5.2,4.5,2.7,2.8,5.5,3.2,3.3,6.5,7.0
Veterinary technologists and technicians,29-2056,Line item,134.2,146.4,12.2,9.1,3.2,6.2,9.3,4.4,8.6,13.1,14.3
Ophthalmic medical technicians,29-2057,Line item,78.8,94.4,15.6,19.8,5.6,7.1,12.7,4.8,6.1,11.0,12.5
Licensed practical and licensed vocational nurses,29-2061,Line item,651.4,668.5,17.1,2.6,4.2,3.8,8.0,27.4,25.3,52.7,54.4
Medical records specialists,29-2072,Line item,194.8,208.6,13.8,7.1,3.5,2.9,6.4,7.1,5.8,12.9,14.2
"Opticians, dispensing",29-2081,Line item,79.9,82.2,2.3,2.9,4.2,3.9,8.0,3.4,3.1,6.5,6.8
Orthotists and prosthetists,29-2091,Line item,10.1,11.5,1.3,13.3,3.3,3.6,6.9,0.4,0.4,0.7,0.9
Hearing aid specialists,29-2092,Line item,10.7,12.6,2.0,18.4,3.3,3.6,6.9,0.4,0.4,0.8,1.0
"Health technologists and technicians, all other",29-2099,Line item,178.8,188.1,9.3,5.2,3.3,3.6,6.9,6.0,6.7,12.6,13.6
Health information technologists and medical registrars,29-9021,Line item,41.9,48.1,6.2,14.7,3.0,2.8,5.8,1.3,1.3,2.6,3.2
Athletic trainers,29-9091,Line item,33.9,37.6,3.8,11.1,3.0,2.8,5.8,1.1,1.0,2.1,2.4
Genetic counselors,29-9092,Line item,4.0,4.3,0.4,9.3,3.0,2.8,5.8,0.1,0.1,0.2,0.3
Surgical assistants,29-9093,Line item,25.3,26.6,1.3,5.1,3.0,2.8,5.8,0.8,0.7,1.5,1.6
"Healthcare practitioners and technical workers, all other",29-9099,Line item,41.7,43.1,1.5,3.6,3.0,2.8,5.8,1.3,1.2,2.5,2.6
Home health and personal care aides,31-1120,Line item,4347.7,5087.5,739.8,17.0,8.6,6.1,14.7,403.9,288.0,691.9,765.8
Nursing assistants,31-1131,Line item,1441.5,1474.0,32.6,2.3,6.6,7.2,13.8,96.3,104.5,200.8,204.1
Orderlies,31-1132,Line item,54.0,55.8,1.8,3.3,5.8,8.0,13.8,3.2,4.4,7.6,7.8
Psychiatric aides,31-1133,Line item,38.5,38.3,-0.1,-0.4,5.8,8.0,13.8,2.2,3.1,5.3,5.3
Occupational therapy assistants,31-2011,Line item,49.2,58.7,9.5,19.2,4.5,7.1,11.7,2.4,3.8,6.3,7.2
Occupational therapy aides,31-2012,Line item,5.2,5.3,0.1,2.5,4.5,7.1,11.7,0.2,0.4,0.6,0.6
Physical therapist assistants,31-2021,Line item,111.5,136.0,24.5,22.0,5.2,8.8,14.0,6.5,10.9,17.4,19.8
Physical therapist aides,31-2022,Line item,45.6,46.9,1.3,2.8,5.2,8.8,14.0,2.4,4.1,6.5,6.6
Massage therapists,31-9011,Line item,168.0,193.9,25.9,15.4,6.6,5.7,12.2,11.9,10.3,22.2,24.7
Dental assistants,31-9091,Line item,381.9,406.3,24.4,6.4,5.2,7.6,12.8,20.5,30.0,50.5,52.9
Medical assistants,31-9092,Line item,811.0,912.2,101.2,12.5,4.5,7.4,11.9,38.7,63.5,102.2,112.3
Medical equipment preparers,31-9093,Line item,76.5,84.2,7.6,10.0,5.7,6.9,12.6,4.6,5.6,10.1,10.9
Medical transcriptionists,31-9094,Line item,43.9,41.8,-2.2,-4.9,7.4,10.4,17.8,3.2,4.5,7.6,7.4
Pharmacy aides,31-9095,Line item,41.1,41.1,-0.1,-0.1,5.4,9.4,14.8,2.2,3.9,6.1,6.1
Veterinary assistants and laboratory animal caretakers,31-9096,Line item,117.8,128.1,10.3,8.7,5.5,11.8,17.3,6.7,14.5,21.2,22.2
Phlebotomists,31-9097,Line item,139.7,147.5,7.9,5.6,5.0,7.3,12.3,7.2,10.4,17.6,18.4
"Healthcare support workers, all other",31-9099,Line item,109.7,113.5,3.8,3.5,5.7,6.9,12.6,6.3,7.7,14.1,14.4
First-line supervisors of correctional officers,33-1011,Line item,57.1,55.5,-1.6,-2.8,3.3,4.6,7.9,1.9,2.6,4.5,4.3
First-line supervisors of police and detectives,33-1012,Line item,160.8,165.4,4.6,2.9,2.5,3.9,6.4,4.1,6.3,10.4,10.9
First-line supervisors of firefighting and prevention workers,33-1021,Line item,97.2,100.5,3.4,3.4,2.6,3.7,6.3,2.6,3.6,6.2,6.5
First-line supervisors of security workers,33-1091,Line item,71.9,73.8,1.9,2.7,4.0,5.4,9.4,2.9,3.9,6.8,7.0
"First-line supervisors of protective service workers, all other",33-1099,Line item,21.5,21.8,0.3,1.6,4.0,5.4,9.4,0.9,1.2,2.0,2.1
Firefighters,33-2011,Line item,344.9,356.7,11.8,3.4,2.0,5.4,7.4,7.0,18.9,25.9,27.1
Fire inspectors and investigators,33-2021,Line item,14.7,15.2,0.6,3.8,3.6,5.9,9.5,0.5,0.9,1.4,1.5
Forest fire inspectors and prevention specialists,33-2022,Line item,2.9,3.3,0.4,14.6,3.6,5.9,9.5,0.1,0.2,0.3,0.3
Bailiffs,33-3011,Line item,19.0,18.6,-0.4,-2.2,5.5,4.4,9.9,1.0,0.8,1.9,1.8
Correctional officers and jailers,33-3012,Line item,387.5,357.4,-30.1,-7.8,3.3,5.5,8.9,12.5,20.6,33.1,30.1
Detectives and criminal investigators,33-3021,Line item,117.9,117.1,-0.8,-0.7,2.2,4.5,6.7,2.5,5.3,7.8,7.8
Fish and game wardens,33-3031,Line item,7.0,6.6,-0.4,-6.0,4.3,4.4,8.7,0.3,0.3,0.6,0.5
Parking enforcement workers,33-3041,Line item,8.4,8.2,-0.1,-1.5,4.3,4.4,8.7,0.4,0.4,0.7,0.7
Police and sheriff's patrol officers,33-3051,Line item,698.8,720.8,22.0,3.1,2.4,4.9,7.3,16.9,34.7,51.5,53.7
Transit and railroad police,33-3052,Line item,3.1,3.2,0.1,3.0,2.4,4.9,7.3,0.1,0.2,0.2,0.2
Animal control workers,33-9011,Line item,12.2,12.7,0.5,3.9,4.0,6.2,10.1,0.5,0.8,1.3,1.3
Private detectives and investigators,33-9021,Line item,43.6,46.2,2.6,6.0,3.2,5.0,8.1,1.4,2.2,3.7,3.9
Gambling surveillance officers and gambling investigators,33-9031,Line item,10.3,10.3,0.0,0.3,5.1,7.6,12.7,0.5,0.8,1.3,1.3
Security guards,33-9032,Line item,1262.1,1267.1,5.1,0.4,5.1,7.6,12.7,64.2,96.3,160.5,161.0
Crossing guards and flaggers,33-9091,Line item,91.4,94.7,3.3,3.6,13.7,5.3,19.0,12.8,4.9,17.7,18.0
"Lifeguards, ski patrol, and other recreational protective service workers",33-9092,Line item,149.7,158.4,8.7,5.8,13.9,13.2,27.2,21.5,20.4,41.9,42.7
Transportation security screeners,33-9093,Line item,50.1,47.1,-3.0,-6.0,5.2,5.2,10.4,2.5,2.5,5.0,4.7
School bus monitors,33-9094,Line item,71.4,69.5,-2.0,-2.7,12.5,5.7,18.2,8.8,4.0,12.8,12.6
"Protective service workers, all other",33-9099,Line item,84.0,86.1,2.1,2.5,13.9,13.2,27.2,11.9,11.3,23.1,23.3
Chefs and head cooks,35-1011,Line item,197.3,211.3,14.0,7.1,3.4,7.8,11.2,7.0,15.9,23.0,24.4
First-line supervisors of food preparation and serving workers,35-1012,Line item,1215.0,1288.0,73.0,6.0,5.0,9.1,14.1,62.6,114.0,176.6,183.9
"Cooks, fast food",35-2011,Line item,669.5,579.2,-90.3,-13.5,6.7,7.9,14.6,42.0,49.2,91.2,82.1
"Cooks, institution and cafeteria",35-2012,Line item,466.1,475.4,9.3,2.0,6.7,7.9,14.6,31.7,37.1,68.7,69.7
"Cooks, private household",35-2013,Line item,34.2,36.0,1.7,5.1,6.7,7.9,14.6,2.4,2.8,5.1,5.3
"Cooks, restaurant",35-2014,Line item,1460.2,1677.2,217.0,14.9,6.7,7.9,14.6,105.5,123.5,229.0,250.7
"Cooks, short order",35-2015,Line item,151.1,142.7,-8.4,-5.6,6.7,7.9,14.6,9.9,11.6,21.4,20.6
"Cooks, all other",35-2019,Line item,24.0,25.3,1.3,5.5,6.7,7.9,14.6,1.7,1.9,3.6,3.7
Food preparation workers,35-2021,Line item,902.7,871.8,-30.9,-3.4,8.4,8.6,17.0,74.6,76.5,151.1,148.0
Bartenders,35-3011,Line item,756.7,801.5,44.8,5.9,5.2,10.9,16.1,40.3,84.7,125.1,129.6
Fast food and counter workers,35-3023,Line item,3796.0,4029.2,233.2,6.1,10.3,12.2,22.5,402.8,478.1,881.0,904.3
Waiters and waitresses,35-3031,Line item,2329.7,2313.5,-16.3,-0.7,8.2,11.5,19.7,191.3,267.1,458.4,456.7
"Food servers, nonrestaurant",35-3041,Line item,277.2,285.3,8.2,3.0,8.4,8.4,16.8,23.7,23.6,47.2,48.0
Dining room and cafeteria attendants and bartender helpers,35-9011,Line item,527.4,560.6,33.1,6.3,9.1,8.6,17.7,49.5,46.8,96.3,99.6
Dishwashers,35-9021,Line item,477.7,478.6,0.9,0.2,8.0,8.0,16.0,38.5,38.2,76.7,76.8
"Hosts and hostesses, restaurant, lounge, and coffee shop",35-9031,Line item,429.9,423.5,-6.4,-1.5,13.3,12.1,25.4,56.9,51.5,108.4,107.7
"Food preparation and serving related workers, all other",35-9099,Line item,90.5,96.3,5.8,6.4,6.4,8.6,15.0,6.0,8.0,14.0,14.6
First-line supervisors of housekeeping and janitorial workers,37-1011,Line item,269.8,276.4,6.7,2.5,5.2,6.7,11.9,14.2,18.2,32.4,33.0
"First-line supervisors of landscaping, lawn service, and groundskeeping workers",37-1012,Line item,224.7,230.0,5.2,2.3,3.5,6.5,10.0,8.0,14.7,22.7,23.2
"Janitors and cleaners, except maids and housekeeping cleaners",37-2011,Line item,2447.7,2495.5,47.8,2.0,7.1,7.0,14.0,174.5,172.1,346.5,351.3
Maids and housekeeping cleaners,37-2012,Line item,1356.8,1362.8,6.0,0.4,7.7,6.5,14.2,105.1,87.8,192.9,193.5
"Building cleaning workers, all other",37-2019,Line item,18.1,18.5,0.5,2.5,7.1,7.0,14.0,1.3,1.3,2.6,2.6
Pest control workers,37-2021,Line item,102.4,107.5,5.1,4.9,2.8,9.6,12.3,2.9,10.0,12.9,13.4
Landscaping and groundskeeping workers,37-3011,Line item,1192.5,1235.0,42.4,3.6,5.1,7.6,12.7,62.0,92.0,154.0,158.2
"Pesticide handlers, sprayers, and applicators, vegetation",37-3012,Line item,29.6,30.7,1.1,3.8,3.8,9.3,13.1,1.2,2.8,4.0,4.1
Tree trimmers and pruners,37-3013,Line item,60.1,62.1,2.0,3.3,3.2,8.5,11.7,2.0,5.2,7.2,7.4
"Grounds maintenance workers, all other",37-3019,Line item,14.1,14.5,0.3,2.4,3.8,9.3,13.1,0.5,1.3,1.9,1.9
First-line supervisors of gambling services workers,39-1013,Line item,32.5,33.1,0.6,2.0,3.8,6.1,9.9,1.3,2.0,3.3,3.3
"First-line supervisors of entertainment and recreation workers, except gambling services",39-1014,Line item,123.3,131.1,7.8,6.3,3.8,6.1,9.9,4.9,7.8,12.7,13.4
First-line supervisors of personal service workers,39-1022,Line item,149.1,159.1,10.0,6.7,3.8,6.1,9.9,5.9,9.5,15.3,16.3
Animal trainers,39-2011,Line item,47.3,49.8,2.4,5.1,4.9,9.2,14.1,2.4,4.5,6.8,7.1
Animal caretakers,39-2021,Line item,392.1,439.6,47.6,12.1,6.2,10.6,16.8,25.7,44.2,69.8,74.6
Gambling dealers,39-3011,Line item,88.7,88.1,-0.6,-0.6,5.8,10.2,16.0,5.2,9.0,14.2,14.1
Gambling and sports book writers and runners,39-3012,Line item,8.2,7.7,-0.5,-6.1,5.8,10.2,16.0,0.5,0.8,1.3,1.2
"Gambling service workers, all other",39-3019,Line item,16.1,16.0,-0.1,-0.6,5.8,10.2,16.0,0.9,1.6,2.6,2.6
Motion picture projectionists,39-3021,Line item,2.0,2.0,-0.1,-3.7,10.6,14.7,25.3,0.2,0.3,0.5,0.5
"Ushers, lobby attendants, and ticket takers",39-3031,Line item,121.7,123.1,1.4,1.2,11.4,13.7,25.1,13.9,16.8,30.7,30.8
Amusement and recreation attendants,39-3091,Line item,392.3,405.5,13.2,3.4,10.6,14.7,25.3,42.4,58.6,101.1,102.4
Costume attendants,39-3092,Line item,6.7,7.1,0.4,5.9,10.6,14.7,25.3,0.7,1.0,1.8,1.8
"Locker room, coatroom, and dressing room attendants",39-3093,Line item,15.6,16.6,1.0,6.4,10.6,14.7,25.3,1.7,2.4,4.1,4.2
"Entertainment attendants and related workers, all other",39-3099,Line item,8.5,8.8,0.3,3.6,10.6,14.7,25.3,0.9,1.3,2.2,2.2
Embalmers,39-4011,Line item,3.6,3.7,0.0,1.3,9.7,7.3,17.0,0.4,0.3,0.6,0.6
Crematory operators,39-4012,Line item,3.1,3.2,0.1,3.3,9.7,7.3,17.0,0.3,0.2,0.5,0.6
Funeral attendants,39-4021,Line item,32.5,33.5,1.0,3.1,9.7,7.3,17.0,3.2,2.4,5.6,5.7
"Morticians, undertakers, and funeral arrangers",39-4031,Line item,27.5,28.4,0.8,3.1,3.8,7.5,11.2,1.0,2.1,3.1,3.2
Barbers,39-5011,Line item,76.0,79.2,3.1,4.1,3.7,6.7,10.4,2.9,5.2,8.1,8.4
"Hairdressers, hairstylists, and cosmetologists",39-5012,Line item,575.2,607.4,32.2,5.6,5.6,6.7,12.3,32.9,39.7,72.6,75.8
"Makeup artists, theatrical and performance",39-5091,Line item,7.0,7.6,0.6,8.1,5.6,8.3,13.9,0.4,0.6,1.0,1.1
Manicurists and pedicurists,39-5092,Line item,210.1,224.8,14.7,7.0,4.8,6.0,10.7,10.4,13.0,23.3,24.8
Shampooers,39-5093,Line item,18.5,19.6,1.0,5.5,5.6,8.3,13.9,1.1,1.6,2.6,2.7
Skincare specialists,39-5094,Line item,97.4,103.9,6.6,6.7,5.0,8.8,13.8,5.0,8.9,13.8,14.5
Baggage porters and bellhops,39-6011,Line item,32.5,32.0,-0.5,-1.6,5.9,8.7,14.6,1.9,2.8,4.7,4.6
Concierges,39-6012,Line item,45.6,46.7,1.1,2.3,5.9,8.7,14.6,2.7,4.0,6.7,6.8
Tour and travel guides,39-7010,Line item,55.8,60.3,4.5,8.1,9.3,12.2,21.6,5.4,7.1,12.5,13.0
Childcare workers,39-9011,Line item,991.6,962.4,-29.2,-2.9,7.6,9.1,16.7,74.7,88.4,163.1,160.2
Exercise trainers and group fitness instructors,39-9031,Line item,370.1,414.2,44.1,11.9,6.1,11.7,17.8,23.7,46.0,69.7,74.2
Recreation workers,39-9032,Line item,327.7,341.1,13.4,4.1,7.2,12.8,20.0,24.1,42.6,66.7,68.1
Residential advisors,39-9041,Line item,91.2,94.7,3.5,3.8,7.8,10.6,18.4,7.3,9.8,17.1,17.4
"Personal care and service workers, all other",39-9099,Line item,94.4,100.4,6.0,6.4,6.5,9.4,15.9,6.3,9.2,15.5,16.1
First-line supervisors of retail sales workers,41-1011,Line item,1432.6,1360.3,-72.3,-5.0,3.8,5.7,9.5,53.3,79.0,132.3,125.1
First-line supervisors of non-retail sales workers,41-1012,Line item,320.0,320.0,0.0,0.0,3.2,4.6,7.8,10.2,14.6,24.8,24.8
Cashiers,41-2011,Line item,3157.2,2843.6,-313.6,-9.9,9.8,9.4,19.1,293.5,280.6,574.0,542.6
Gambling change persons and booth cashiers,41-2012,Line item,22.6,21.1,-1.5,-6.4,9.8,9.4,19.1,2.1,2.0,4.2,4.0
Counter and rental clerks,41-2021,Line item,408.2,421.3,13.1,3.2,4.8,5.9,10.7,19.9,24.6,44.6,45.9
Parts salespersons,41-2022,Line item,272.1,280.6,8.5,3.1,4.4,6.2,10.6,12.2,17.2,29.3,30.2
Retail salespersons,41-2031,Line item,3936.7,3917.1,-19.6,-0.5,6.7,7.5,14.2,261.6,296.2,557.8,555.8
Advertising sales agents,41-3011,Line item,103.7,97.1,-6.6,-6.4,3.2,6.8,10.0,3.2,6.8,10.0,9.3
Insurance sales agents,41-3021,Line item,568.8,589.8,21.1,3.7,3.6,4.2,7.7,20.7,24.2,44.9,47.0
"Securities, commodities, and financial services sales agents",41-3031,Line item,514.5,531.6,17.1,3.3,2.6,4.4,7.0,13.4,23.1,36.4,38.1
Travel agents,41-3041,Line item,65.7,67.2,1.4,2.2,4.7,5.8,10.5,3.1,3.8,7.0,7.1
"Sales representatives of services, except advertising, insurance, financial services, and travel",41-3091,Line item,1226.7,1264.7,37.9,3.1,3.0,6.6,9.6,37.3,81.9,119.2,123.0
"Sales representatives, wholesale and manufacturing, technical and scientific products",41-4011,Line item,303.2,308.9,5.7,1.9,3.4,5.3,8.7,10.4,16.3,26.7,27.2
"Sales representatives, wholesale and manufacturing, except technical and scientific products",41-4012,Line item,1310.5,1314.9,4.4,0.3,3.4,5.3,8.7,44.6,69.8,114.4,114.8
Demonstrators and product promoters,41-9011,Line item,79.2,79.1,-0.1,-0.1,10.4,7.3,17.7,8.2,5.8,14.0,14.0
Models,41-9012,Line item,6.7,6.7,0.0,-0.5,10.4,7.3,17.7,0.7,0.5,1.2,1.2
Real estate brokers,41-9021,Line item,111.3,115.0,3.7,3.3,4.8,3.5,8.3,5.4,3.9,9.3,9.7
Real estate sales agents,41-9022,Line item,420.9,433.7,12.8,3.1,4.8,3.5,8.3,20.5,14.8,35.3,36.6
Sales engineers,41-9031,Line item,56.8,59.9,3.1,5.5,2.4,5.6,8.0,1.4,3.3,4.6,5.0
Telemarketers,41-9041,Line item,67.4,52.5,-14.9,-22.1,5.2,8.1,13.3,3.1,4.9,8.0,6.5
"Door-to-door sales workers, news and street vendors, and related workers",41-9091,Line item,25.3,22.8,-2.5,-10.0,6.4,5.8,12.2,1.5,1.4,2.9,2.7
"Sales and related workers, all other",41-9099,Line item,122.6,127.1,4.5,3.7,5.3,7.1,12.5,6.6,8.9,15.6,16.0
First-line supervisors of office and administrative support workers,43-1011,Line item,1558.4,1554.4,-3.9,-0.3,4.0,5.3,9.3,63.0,81.9,144.9,144.5
"Switchboard operators, including answering service",43-2011,Line item,36.6,27.0,-9.6,-26.3,5.8,5.9,11.7,1.8,1.9,3.7,2.8
Telephone operators,43-2021,Line item,4.0,2.9,-1.1,-27.5,5.8,5.8,11.6,0.2,0.2,0.4,0.3
"Communications equipment operators, all other",43-2099,Line item,1.4,1.5,0.0,2.5,4.5,5.3,9.8,0.1,0.1,0.1,0.1
Bill and account collectors,43-3011,Line item,166.9,149.4,-17.5,-10.5,4.5,5.2,9.8,7.1,8.3,15.4,13.7
Billing and posting clerks,43-3021,Line item,429.8,427.9,-1.9,-0.4,4.5,5.4,9.9,19.3,23.0,42.4,42.2
"Bookkeeping, accounting, and auditing clerks",43-3031,Line item,1613.4,1519.1,-94.3,-5.8,6.4,5.0,11.5,100.7,78.6,179.4,170.0
Gambling cage workers,43-3041,Line item,14.1,13.4,-0.7,-5.0,3.9,6.3,10.2,0.5,0.9,1.4,1.3
Payroll and timekeeping clerks,43-3051,Line item,161.1,134.2,-27.0,-16.7,5.4,5.2,10.7,8.0,7.7,15.7,13.0
Procurement clerks,43-3061,Line item,61.9,56.6,-5.4,-8.7,3.2,5.5,8.7,1.9,3.3,5.2,4.6
Tellers,43-3071,Line item,347.4,302.5,-44.9,-12.9,5.0,5.6,10.6,16.1,18.1,34.3,29.8
"Financial clerks, all other",43-3099,Line item,38.9,39.4,0.5,1.4,3.9,6.3,10.2,1.5,2.4,4.0,4.0
Brokerage clerks,43-4011,Line item,40.8,36.9,-3.9,-9.5,5.8,5.9,11.7,2.2,2.3,4.5,4.1
Correspondence clerks,43-4021,Line item,6.9,6.5,-0.4,-5.6,5.1,6.5,11.6,0.3,0.4,0.8,0.7
"Court, municipal, and license clerks",43-4031,Line item,180.4,185.9,5.5,3.0,4.6,5.2,9.8,8.5,9.5,18.0,18.5
"Credit authorizers, checkers, and clerks",43-4041,Line item,12.0,11.3,-0.7,-6.2,4.1,4.7,8.8,0.5,0.6,1.0,1.0
Customer service representatives,43-4051,Line item,2814.0,2660.3,-153.7,-5.5,5.6,7.4,13.0,154.2,202.9,357.1,341.7
"Eligibility interviewers, government programs",43-4061,Line item,166.8,168.5,1.7,1.0,3.8,4.5,8.3,6.3,7.5,13.8,14.0
File clerks,43-4071,Line item,84.3,70.9,-13.4,-15.9,5.5,5.6,11.1,4.3,4.4,8.6,7.3
"Hotel, motel, and resort desk clerks",43-4081,Line item,264.2,274.0,9.9,3.7,6.5,9.3,15.8,17.5,25.1,42.7,43.6
"Interviewers, except eligibility and loan",43-4111,Line item,164.3,145.1,-19.1,-11.6,5.4,6.0,11.5,8.4,9.3,17.8,15.8
"Library assistants, clerical",43-4121,Line item,84.5,78.9,-5.6,-6.7,8.8,7.6,16.4,7.2,6.2,13.4,12.8
Loan interviewers and clerks,43-4131,Line item,177.6,173.5,-4.1,-2.3,3.2,4.6,7.8,5.6,8.2,13.7,13.3
New accounts clerks,43-4141,Line item,38.9,33.8,-5.2,-13.2,2.9,4.9,7.8,1.1,1.8,2.8,2.3
Order clerks,43-4151,Line item,89.5,74.1,-15.4,-17.2,5.1,6.5,11.6,4.2,5.4,9.5,8.0
"Human resources assistants, except payroll and timekeeping",43-4161,Line item,95.2,88.4,-6.8,-7.1,4.3,6.2,10.5,4.0,5.7,9.7,9.0
Receptionists and information clerks,43-4171,Line item,1007.2,1007.6,0.3,0.0,6.1,6.7,12.8,61.1,67.3,128.4,128.5
Reservation and transportation ticket agents and travel clerks,43-4181,Line item,131.9,135.6,3.7,2.8,4.5,6.0,10.5,6.0,8.0,14.1,14.4
"Information and record clerks, all other",43-4199,Line item,153.3,153.0,-0.3,-0.2,5.8,5.9,11.7,8.9,9.0,17.8,17.8
Cargo and freight agents,43-5011,Line item,100.6,109.2,8.6,8.5,2.7,4.9,7.6,2.8,5.1,8.0,8.8
Couriers and messengers,43-5021,Line item,247.2,267.6,20.4,8.2,4.7,5.4,10.1,12.1,13.8,25.9,27.9
Public safety telecommunicators,43-5031,Line item,105.2,108.9,3.6,3.5,4.3,5.3,9.7,4.6,5.7,10.3,10.7
"Dispatchers, except police, fire, and ambulance",43-5032,Line item,218.7,216.7,-2.1,-0.9,3.5,5.1,8.6,7.6,11.1,18.7,18.5
"Meter readers, utilities",43-5041,Line item,20.1,17.7,-2.4,-12.0,3.9,4.2,8.1,0.7,0.8,1.5,1.3
Postal service clerks,43-5051,Line item,74.2,71.6,-2.6,-3.5,5.0,3.7,8.8,3.7,2.7,6.4,6.1
Postal service mail carriers,43-5052,Line item,319.4,308.1,-11.3,-3.5,3.4,3.5,6.9,10.7,11.1,21.8,20.6
"Postal service mail sorters, processors, and processing machine operators",43-5053,Line item,106.4,97.5,-8.9,-8.4,4.5,4.0,8.5,4.6,4.1,8.7,7.8
"Production, planning, and expediting clerks",43-5061,Line item,388.8,381.7,-7.1,-1.8,3.3,5.7,9.0,12.9,22.0,34.9,34.1
"Shipping, receiving, and inventory clerks",43-5071,Line item,862.2,795.8,-66.3,-7.7,3.7,5.4,9.2,30.8,45.1,75.9,69.3
"Weighers, measurers, checkers, and samplers, recordkeeping",43-5111,Line item,49.8,47.4,-2.4,-4.8,5.0,6.3,11.3,2.4,3.1,5.5,5.3
Executive secretaries and executive administrative assistants,43-6011,Line item,502.8,494.9,-7.9,-1.6,4.6,5.6,10.2,22.8,28.0,50.8,50.0
Legal secretaries and administrative assistants,43-6012,Line item,156.3,147.3,-9.0,-5.8,8.3,5.2,13.5,12.6,7.9,20.5,19.6
Medical secretaries and administrative assistants,43-6013,Line item,850.0,885.3,35.3,4.2,4.6,4.9,9.5,39.7,42.7,82.4,85.9
"Secretaries and administrative assistants, except legal, medical, and executive",43-6014,Line item,1944.0,1913.2,-30.8,-1.6,5.7,5.0,10.7,109.3,96.6,205.9,202.8
Data entry keyers,43-9021,Line item,141.6,104.9,-36.7,-25.9,4.7,6.0,10.7,5.8,7.4,13.2,9.5
Word processors and typists,43-9022,Line item,40.0,25.6,-14.4,-36.1,6.1,5.1,11.2,2.0,1.7,3.7,2.2
Desktop publishers,43-9031,Line item,5.0,4.4,-0.6,-12.4,4.3,6.0,10.3,0.2,0.3,0.5,0.4
Insurance claims and policy processing clerks,43-9041,Line item,256.7,247.2,-9.5,-3.7,3.8,4.7,8.4,9.5,11.8,21.2,20.3
"Mail clerks and mail machine operators, except postal service",43-9051,Line item,67.4,62.9,-4.4,-6.6,5.8,5.6,11.3,3.8,3.6,7.4,6.9
"Office clerks, general",43-9061,Line item,2646.0,2468.2,-177.8,-6.7,5.9,5.9,11.7,149.7,150.5,300.2,282.4
"Office machine operators, except computer",43-9071,Line item,25.5,21.6,-3.9,-15.2,6.2,7.5,13.7,1.5,1.8,3.2,2.8
Proofreaders and copy markers,43-9081,Line item,12.0,11.9,-0.1,-0.6,8.8,7.1,15.8,1.0,0.8,1.9,1.9
Statistical assistants,43-9111,Line item,6.5,6.3,-0.2,-2.5,5.1,7.3,12.4,0.3,0.5,0.8,0.8
"Office and administrative support workers, all other",43-9199,Line item,232.9,214.8,-18.1,-7.8,4.3,6.0,10.3,9.7,13.5,23.1,21.3
"First-line supervisors of farming, fishing, and forestry workers",45-1011,Line item,65.4,67.0,1.6,2.5,5.2,7.4,12.6,3.4,4.9,8.3,8.5
Agricultural inspectors,45-2011,Line item,14.7,14.9,0.2,1.5,5.7,9.3,15.0,0.8,1.4,2.2,2.2
Animal breeders,45-2021,Line item,7.9,8.1,0.2,2.4,6.7,8.0,14.8,0.5,0.6,1.2,1.2
"Graders and sorters, agricultural products",45-2041,Line item,38.9,36.8,-2.1,-5.4,6.6,7.4,14.0,2.5,2.8,5.3,5.1
Agricultural equipment operators,45-2091,Line item,65.2,70.3,5.0,7.7,6.7,8.0,14.8,4.6,5.5,10.0,10.5
"Farmworkers and laborers, crop, nursery, and greenhouse",45-2092,Line item,504.8,488.1,-16.8,-3.3,6.7,8.0,14.8,33.4,40.0,73.4,71.7
"Farmworkers, farm, ranch, and aquacultural animals",45-2093,Line item,224.6,213.4,-11.1,-5.0,6.7,8.0,14.8,14.7,17.6,32.4,31.2
"Agricultural workers, all other",45-2099,Line item,10.1,10.3,0.2,2.3,6.7,8.0,14.8,0.7,0.8,1.5,1.5
Fishing and hunting workers,45-3031,Line item,21.9,20.9,-1.0,-4.6,6.3,7.3,13.6,1.3,1.6,2.9,2.8
Forest and conservation workers,45-4011,Line item,10.8,10.3,-0.5,-4.7,6.2,13.5,19.7,0.7,1.4,2.1,2.0
Fallers,45-4021,Line item,5.6,5.2,-0.4,-7.3,6.9,7.0,13.9,0.4,0.4,0.7,0.7
Logging equipment operators,45-4022,Line item,30.9,30.5,-0.4,-1.4,6.9,7.0,13.9,2.1,2.2,4.3,4.2
Log graders and scalers,45-4023,Line item,4.6,4.6,0.0,-0.7,6.9,7.0,13.9,0.3,0.3,0.6,0.6
"Logging workers, all other",45-4029,Line item,3.1,3.0,-0.1,-4.7,6.9,7.0,13.9,0.2,0.2,0.4,0.4
First-line supervisors of construction trades and extraction workers,47-1011,Line item,921.6,970.6,49.0,5.3,3.2,4.2,7.3,29.9,39.6,69.5,74.4
Boilermakers,47-2011,Line item,10.4,10.1,-0.2,-2.4,4.3,4.1,8.5,0.4,0.4,0.9,0.8
Brickmasons and blockmasons,47-2021,Line item,74.1,76.4,2.4,3.2,2.8,4.3,7.1,2.1,3.2,5.4,5.6
Stonemasons,47-2022,Line item,12.1,11.8,-0.4,-3.0,2.8,4.3,7.1,0.3,0.5,0.9,0.8
Carpenters,47-2031,Line item,959.0,1002.1,43.1,4.5,2.8,4.3,7.1,27.8,41.9,69.8,74.1
Carpet installers,47-2041,Line item,20.3,18.3,-1.9,-9.6,2.8,3.9,6.7,0.5,0.7,1.3,1.1
"Floor layers, except carpet, wood, and hard tiles",47-2042,Line item,33.7,36.9,3.2,9.5,2.8,3.9,6.7,1.0,1.4,2.4,2.7
Floor sanders and finishers,47-2043,Line item,5.6,5.8,0.1,2.6,2.8,3.9,6.7,0.2,0.2,0.4,0.4
Tile and stone setters,47-2044,Line item,52.6,58.0,5.3,10.1,2.8,3.9,6.7,1.5,2.1,3.7,4.2
Cement masons and concrete finishers,47-2051,Line item,206.7,210.4,3.8,1.8,2.5,4.2,6.7,5.2,8.7,13.9,14.3
Terrazzo workers and finishers,47-2053,Line item,1.5,1.3,-0.2,-11.1,2.5,4.2,6.7,0.0,0.1,0.1,0.1
Construction laborers,47-2061,Line item,1457.0,1563.4,106.5,7.3,3.2,4.6,7.9,48.5,70.2,118.7,129.4
"Paving, surfacing, and tamping equipment operators",47-2071,Line item,47.0,48.6,1.5,3.2,3.4,4.7,8.1,1.6,2.2,3.9,4.0
Pile driver operators,47-2072,Line item,3.2,3.3,0.1,4.3,3.4,4.7,8.1,0.1,0.2,0.3,0.3
Operating engineers and other construction equipment operators,47-2073,Line item,489.3,507.1,17.8,3.6,3.4,4.7,8.1,16.7,23.4,40.1,41.9
Drywall and ceiling tile installers,47-2081,Line item,103.1,107.4,4.3,4.2,2.8,4.2,6.9,2.9,4.4,7.3,7.7
Tapers,47-2082,Line item,15.6,15.6,0.0,0.1,2.8,4.2,6.9,0.4,0.6,1.1,1.1
Electricians,47-2111,Line item,818.7,896.1,77.4,9.5,3.2,5.4,8.5,27.0,46.2,73.2,81.0
Glaziers,47-2121,Line item,60.5,62.5,2.0,3.3,3.6,4.4,7.9,2.2,2.7,4.9,5.1
"Insulation workers, floor, ceiling, and wall",47-2131,Line item,40.2,41.7,1.5,3.8,2.8,5.1,7.9,1.2,2.1,3.2,3.4
"Insulation workers, mechanical",47-2132,Line item,27.2,28.5,1.3,4.7,2.8,5.1,7.9,0.8,1.4,2.2,2.3
"Painters, construction and maintenance",47-2141,Line item,342.2,355.2,13.0,3.8,3.6,4.1,7.7,12.4,14.3,26.8,28.1
Paperhangers,47-2142,Line item,2.3,2.5,0.1,5.3,3.6,4.1,7.7,0.1,0.1,0.2,0.2
Pipelayers,47-2151,Line item,34.4,32.9,-1.4,-4.1,2.6,4.9,7.6,0.9,1.7,2.6,2.4
"Plumbers, pipefitters, and steamfitters",47-2152,Line item,504.5,527.2,22.7,4.5,3.0,5.0,8.1,15.7,26.0,41.7,44.0
Plasterers and stucco masons,47-2161,Line item,24.2,25.2,1.0,4.1,3.6,3.8,7.4,0.9,0.9,1.8,1.9
Reinforcing iron and rebar workers,47-2171,Line item,19.4,20.3,0.9,4.6,2.8,4.3,7.1,0.6,0.9,1.4,1.5
Roofers,47-2181,Line item,166.7,176.5,9.8,5.9,2.4,4.4,6.8,4.1,7.6,11.7,12.7
Sheet metal workers,47-2211,Line item,127.0,130.1,3.1,2.4,3.3,4.7,8.0,4.2,6.1,10.3,10.6
Structural iron and steel workers,47-2221,Line item,65.7,68.6,2.9,4.4,2.7,5.1,7.8,1.8,3.4,5.2,5.5
Solar photovoltaic installers,47-2231,Line item,28.6,40.6,12.0,42.1,2.0,6.3,8.4,0.7,2.2,2.9,4.1
"Helpers--brickmasons, blockmasons, stonemasons, and tile and marble setters",47-3011,Line item,16.1,14.4,-1.7,-10.5,3.3,6.9,10.2,0.5,1.0,1.5,1.4
Helpers--carpenters,47-3012,Line item,25.2,26.4,1.1,4.5,3.3,6.9,10.2,0.8,1.8,2.6,2.7
Helpers--electricians,47-3013,Line item,66.6,66.7,0.1,0.2,3.3,6.9,10.2,2.2,4.6,6.8,6.8
"Helpers--painters, paperhangers, plasterers, and stucco masons",47-3014,Line item,7.4,7.6,0.2,2.3,3.3,6.9,10.2,0.2,0.5,0.8,0.8
"Helpers--pipelayers, plumbers, pipefitters, and steamfitters",47-3015,Line item,45.3,47.5,2.2,4.9,3.3,6.9,10.2,1.5,3.2,4.7,4.9
Helpers--roofers,47-3016,Line item,5.2,5.5,0.3,5.7,3.3,6.9,10.2,0.2,0.4,0.5,0.6
"Helpers, construction trades, all other",47-3019,Line item,26.3,27.4,1.2,4.4,3.3,6.9,10.2,0.9,1.8,2.7,2.8
Construction and building inspectors,47-4011,Line item,147.6,146.5,-1.2,-0.8,5.7,4.5,10.2,8.3,6.6,14.9,14.8
Elevator and escalator installers and repairers,47-4021,Line item,24.2,25.4,1.2,5.0,2.7,4.9,7.6,0.7,1.2,1.9,2.0
Fence erectors,47-4031,Line item,26.4,27.6,1.2,4.6,3.4,4.7,8.1,0.9,1.3,2.2,2.3
Hazardous materials removal workers,47-4041,Line item,51.3,51.8,0.5,1.0,4.5,5.1,9.6,2.3,2.6,4.9,5.0
Highway maintenance workers,47-4051,Line item,159.1,163.9,4.8,3.0,3.1,4.2,7.3,5.0,6.8,11.9,12.3
Rail-track laying and maintenance equipment operators,47-4061,Line item,15.0,15.3,0.2,1.6,2.6,4.4,7.0,0.4,0.7,1.1,1.1
Septic tank servicers and sewer pipe cleaners,47-4071,Line item,30.4,32.7,2.3,7.6,3.1,5.3,8.3,1.0,1.7,2.6,2.9
Miscellaneous construction and related workers,47-4090,Line item,35.0,36.2,1.2,3.5,3.1,5.3,8.3,1.1,1.9,3.0,3.1
"Derrick operators, oil and gas",47-5011,Line item,11.3,11.3,0.1,0.5,2.5,6.6,9.0,0.3,0.7,1.0,1.0
"Rotary drill operators, oil and gas",47-5012,Line item,13.3,13.4,0.0,0.2,2.5,6.6,9.0,0.3,0.9,1.2,1.2
"Service unit operators, oil and gas",47-5013,Line item,45.2,45.4,0.2,0.4,2.5,6.6,9.0,1.1,3.0,4.1,4.1
"Excavating and loading machine and dragline operators, surface mining",47-5022,Line item,35.8,35.6,-0.1,-0.4,3.2,5.5,8.7,1.2,1.9,3.1,3.1
"Earth drillers, except oil and gas",47-5023,Line item,18.3,18.8,0.5,2.9,3.2,5.5,8.7,0.6,1.0,1.6,1.7
"Explosives workers, ordnance handling experts, and blasters",47-5032,Line item,5.8,5.8,-0.1,-0.9,3.1,6.4,9.5,0.2,0.4,0.5,0.5
Continuous mining machine operators,47-5041,Line item,14.9,15.0,0.1,0.6,3.6,7.1,10.7,0.5,1.1,1.6,1.6
"Roof bolters, mining",47-5043,Line item,2.3,1.5,-0.8,-34.2,3.6,7.1,10.7,0.1,0.1,0.2,0.1
"Loading and moving machine operators, underground mining",47-5044,Line item,6.4,5.0,-1.4,-22.3,3.6,7.1,10.7,0.2,0.4,0.6,0.5
"Underground mining machine operators, all other",47-5049,Line item,3.6,3.4,-0.2,-6.1,3.6,7.1,10.7,0.1,0.2,0.4,0.4
"Rock splitters, quarry",47-5051,Line item,3.2,3.4,0.1,4.4,3.8,6.7,10.5,0.1,0.2,0.3,0.4
"Roustabouts, oil and gas",47-5071,Line item,46.0,47.1,1.1,2.5,2.5,6.6,9.0,1.1,3.1,4.2,4.3
Helpers--extraction workers,47-5081,Line item,7.0,6.9,-0.1,-1.7,3.8,6.7,10.5,0.3,0.5,0.7,0.7
"Extraction workers, all other",47-5099,Line item,6.3,6.4,0.1,1.4,3.8,6.7,10.5,0.2,0.4,0.7,0.7
"First-line supervisors of mechanics, installers, and repairers",49-1011,Line item,617.5,636.5,19.1,3.1,3.5,4.6,8.1,21.8,28.6,50.5,52.4
"Computer, automated teller, and office machine repairers",49-2011,Line item,79.1,78.4,-0.7,-0.9,3.5,6.2,9.8,2.8,4.9,7.7,7.6
"Radio, cellular, and tower equipment installers and repairers",49-2021,Line item,11.7,12.7,1.0,8.6,3.1,5.9,9.0,0.4,0.7,1.1,1.2
"Telecommunications equipment installers and repairers, except line installers",49-2022,Line item,156.9,150.4,-6.6,-4.2,3.1,5.9,9.0,4.8,9.0,13.8,13.2
Avionics technicians,49-2091,Line item,21.4,23.1,1.7,8.2,2.2,5.2,7.3,0.5,1.1,1.6,1.8
"Electric motor, power tool, and related repairers",49-2092,Line item,17.1,17.7,0.6,3.4,5.0,4.5,9.5,0.9,0.8,1.6,1.7
"Electrical and electronics installers and repairers, transportation equipment",49-2093,Line item,7.0,7.4,0.4,6.1,3.0,4.9,7.8,0.2,0.3,0.6,0.6
"Electrical and electronics repairers, commercial and industrial equipment",49-2094,Line item,61.1,60.7,-0.5,-0.8,3.0,4.9,7.8,1.8,3.0,4.8,4.7
"Electrical and electronics repairers, powerhouse, substation, and relay",49-2095,Line item,23.4,24.7,1.3,5.5,3.0,4.9,7.8,0.7,1.2,1.9,2.0
"Electronic equipment installers and repairers, motor vehicles",49-2096,Line item,10.3,8.9,-1.4,-13.6,3.0,4.9,7.8,0.3,0.5,0.7,0.6
Audiovisual equipment installers and repairers,49-2097,Line item,24.6,26.3,1.6,6.6,3.7,5.9,9.6,0.9,1.5,2.4,2.6
Security and fire alarm systems installers,49-2098,Line item,85.9,94.9,8.9,10.4,3.2,6.2,9.4,2.9,5.6,8.5,9.4
Aircraft mechanics and service technicians,49-3011,Line item,139.4,145.0,5.6,4.0,2.8,4.8,7.6,4.0,6.8,10.8,11.3
Automotive body and related repairers,49-3021,Line item,172.6,175.4,2.8,1.6,3.8,4.4,8.2,6.6,7.7,14.3,14.6
Automotive glass installers and repairers,49-3022,Line item,20.4,21.1,0.7,3.6,2.4,4.1,6.5,0.5,0.9,1.4,1.4
Automotive service technicians and mechanics,49-3023,Line item,805.6,839.2,33.6,4.2,3.2,4.9,8.1,26.3,40.3,66.6,70.0
Bus and truck mechanics and diesel engine specialists,49-3031,Line item,319.9,327.7,7.8,2.4,3.3,4.7,8.0,10.7,15.1,25.8,26.5
Farm equipment mechanics and service technicians,49-3041,Line item,39.0,43.3,4.3,11.0,3.0,5.0,8.0,1.2,2.1,3.3,3.7
"Mobile heavy equipment mechanics, except engines",49-3042,Line item,188.7,199.6,10.9,5.8,3.0,5.0,8.0,5.7,9.7,15.5,16.5
Rail car repairers,49-3043,Line item,17.9,18.4,0.5,2.8,3.0,5.0,8.0,0.5,0.9,1.4,1.5
Motorboat mechanics and service technicians,49-3051,Line item,26.2,27.8,1.6,6.0,4.6,4.6,9.2,1.2,1.2,2.5,2.6
Motorcycle mechanics,49-3052,Line item,14.9,15.7,0.8,5.3,4.6,4.6,9.2,0.7,0.7,1.4,1.5
Outdoor power equipment and other small engine mechanics,49-3053,Line item,36.9,37.8,0.9,2.5,4.6,4.6,9.2,1.7,1.7,3.4,3.5
Bicycle repairers,49-3091,Line item,13.2,12.9,-0.3,-2.3,5.5,7.0,12.5,0.7,0.9,1.6,1.6
Recreational vehicle service technicians,49-3092,Line item,19.5,21.7,2.2,11.5,5.5,7.0,12.5,1.1,1.4,2.6,2.8
Tire repairers and changers,49-3093,Line item,113.4,119.9,6.5,5.7,5.5,7.0,12.5,6.5,8.2,14.6,15.3
Mechanical door repairers,49-9011,Line item,28.4,31.7,3.2,11.4,3.4,4.6,8.0,1.0,1.4,2.4,2.7
"Control and valve installers and repairers, except mechanical door",49-9012,Line item,47.7,48.3,0.6,1.3,3.4,4.6,8.0,1.6,2.2,3.8,3.9
"Heating, air conditioning, and refrigeration mechanics and installers",49-9021,Line item,425.2,459.7,34.5,8.1,2.9,5.4,8.3,12.9,23.8,36.6,40.1
Home appliance repairers,49-9031,Line item,37.3,38.3,1.0,2.6,3.8,4.1,7.9,1.4,1.6,3.0,3.1
Industrial machinery mechanics,49-9041,Line item,439.6,510.3,70.7,16.1,3.8,4.3,8.1,18.2,20.5,38.7,45.7
"Maintenance workers, machinery",49-9043,Line item,57.5,55.9,-1.6,-2.8,4.5,4.2,8.8,2.6,2.4,5.0,4.8
Millwrights,49-9044,Line item,41.3,41.3,0.0,0.0,4.2,4.6,8.8,1.7,1.9,3.6,3.6
"Refractory materials repairers, except brickmasons",49-9045,Line item,1.1,0.9,-0.2,-16.9,3.8,4.3,8.1,0.0,0.0,0.1,0.1
Electrical power-line installers and repairers,49-9051,Line item,127.4,135.8,8.4,6.6,2.3,5.2,7.5,3.0,6.8,9.8,10.7
Telecommunications line installers and repairers,49-9052,Line item,99.9,96.8,-3.1,-3.1,3.5,5.9,9.4,3.4,5.8,9.2,8.9
Camera and photographic equipment repairers,49-9061,Line item,2.3,1.9,-0.3,-15.1,3.9,4.9,8.9,0.1,0.1,0.2,0.2
Medical equipment repairers,49-9062,Line item,68.0,76.8,8.8,12.9,3.9,4.9,8.9,2.9,3.6,6.4,7.3
Musical instrument repairers and tuners,49-9063,Line item,6.2,6.3,0.1,1.4,3.9,4.9,8.9,0.2,0.3,0.6,0.6
Watch and clock repairers,49-9064,Line item,1.4,1.4,0.0,-1.1,3.9,4.9,8.9,0.1,0.1,0.1,0.1
"Precision instrument and equipment repairers, all other",49-9069,Line item,10.8,11.0,0.2,2.0,3.9,4.9,8.9,0.4,0.5,1.0,1.0
"Maintenance and repair workers, general",49-9071,Line item,1629.7,1692.1,62.4,3.8,4.6,4.6,9.2,76.9,76.7,153.6,159.8
Wind turbine service technicians,49-9081,Line item,13.6,20.5,6.8,49.9,4.1,5.3,9.4,0.7,0.9,1.6,2.3
"Coin, vending, and amusement machine servicers and repairers",49-9091,Line item,32.5,31.6,-0.9,-2.9,4.7,6.4,11.1,1.5,2.1,3.6,3.5
Commercial divers,49-9092,Line item,4.2,4.5,0.4,8.5,4.1,5.3,9.4,0.2,0.2,0.4,0.4
Locksmiths and safe repairers,49-9094,Line item,18.8,17.2,-1.6,-8.3,5.1,4.9,10.0,0.9,0.9,1.8,1.7
Manufactured building and mobile home installers,49-9095,Line item,3.1,3.3,0.2,5.9,4.1,5.3,9.4,0.1,0.2,0.3,0.3
Riggers,49-9096,Line item,24.6,25.4,0.8,3.2,3.2,6.6,9.8,0.8,1.6,2.5,2.5
Signal and track switch repairers,49-9097,Line item,8.7,8.8,0.1,1.7,4.1,5.3,9.4,0.4,0.5,0.8,0.8
"Helpers--installation, maintenance, and repair workers",49-9098,Line item,98.7,101.0,2.2,2.3,4.9,6.7,11.6,4.9,6.7,11.6,11.8
"Installation, maintenance, and repair workers, all other",49-9099,Line item,221.2,226.5,5.4,2.4,4.1,5.3,9.4,9.2,11.8,21.0,21.5
First-line supervisors of production and operating workers,51-1011,Line item,698.6,706.9,8.3,1.2,3.6,5.9,9.5,25.1,41.8,66.8,67.7
"Aircraft structure, surfaces, rigging, and systems assemblers",51-2011,Line item,33.6,28.7,-4.9,-14.5,4.3,6.3,10.7,1.3,2.0,3.3,2.8
"Coil winders, tapers, and finishers",51-2021,Line item,12.2,11.5,-0.8,-6.3,4.8,5.8,10.6,0.6,0.7,1.3,1.2
"Electrical, electronic, and electromechanical assemblers, except coil winders, tapers, and finishers",51-2028,Line item,261.4,273.3,11.9,4.6,4.8,5.8,10.6,12.9,15.5,28.4,29.6
Engine and other machine assemblers,51-2031,Line item,38.4,30.3,-8.1,-21.1,3.4,7.0,10.4,1.2,2.4,3.6,2.8
Structural metal fabricators and fitters,51-2041,Line item,53.8,45.0,-8.8,-16.3,3.9,6.1,10.0,1.9,3.0,4.9,4.1
Fiberglass laminators and fabricators,51-2051,Line item,18.6,19.4,0.8,4.2,4.3,6.3,10.7,0.8,1.2,2.0,2.1
Timing device assemblers and adjusters,51-2061,Line item,0.2,0.2,0.0,-17.5,4.3,6.3,10.7,0.0,0.0,0.0,0.0
Miscellaneous assemblers and fabricators,51-2090,Line item,1467.1,1465.9,-1.3,-0.1,4.3,6.3,10.7,63.4,93.1,156.5,156.3
Bakers,51-3011,Line item,249.1,263.2,14.0,5.6,6.7,8.3,15.0,17.1,21.3,38.5,39.9
Butchers and meat cutters,51-3021,Line item,143.1,144.5,1.4,1.0,4.6,7.0,11.6,6.6,10.1,16.7,16.9
"Meat, poultry, and fish cutters and trimmers",51-3022,Line item,146.8,154.9,8.1,5.5,4.6,7.0,11.6,7.0,10.6,17.6,18.4
Slaughterers and meat packers,51-3023,Line item,69.6,71.2,1.5,2.2,4.6,7.0,11.6,3.2,5.0,8.2,8.4
"Food and tobacco roasting, baking, and drying machine operators and tenders",51-3091,Line item,20.7,20.8,0.1,0.6,3.8,7.8,11.6,0.8,1.6,2.4,2.4
Food batchmakers,51-3092,Line item,173.5,185.4,11.9,6.9,5.6,7.3,12.8,10.0,13.1,23.1,24.2
Food cooking machine operators and tenders,51-3093,Line item,29.7,29.9,0.2,0.6,6.6,8.1,14.7,2.0,2.4,4.4,4.4
"Food processing workers, all other",51-3099,Line item,58.7,61.8,3.1,5.3,4.2,6.1,10.2,2.5,3.6,6.2,6.5
"Extruding and drawing machine setters, operators, and tenders, metal and plastic",51-4021,Line item,66.0,66.8,0.8,1.2,3.6,6.1,9.7,2.4,4.1,6.4,6.5
"Forging machine setters, operators, and tenders, metal and plastic",51-4022,Line item,8.8,7.2,-1.7,-18.9,3.6,6.1,9.7,0.3,0.5,0.8,0.6
"Rolling machine setters, operators, and tenders, metal and plastic",51-4023,Line item,22.5,20.6,-1.9,-8.3,3.6,6.1,9.7,0.8,1.3,2.1,1.9
"Cutting, punching, and press machine setters, operators, and tenders, metal and plastic",51-4031,Line item,174.7,153.6,-21.1,-12.1,4.5,5.6,10.1,7.4,9.1,16.5,14.4
"Drilling and boring machine tool setters, operators, and tenders, metal and plastic",51-4032,Line item,5.3,4.3,-1.0,-19.6,3.2,6.9,10.1,0.2,0.3,0.5,0.4
"Grinding, lapping, polishing, and buffing machine tool setters, operators, and tenders, metal and plastic",51-4033,Line item,70.1,61.7,-8.4,-12.0,4.2,5.5,9.6,2.7,3.6,6.3,5.5
"Lathe and turning machine tool setters, operators, and tenders, metal and plastic",51-4034,Line item,18.9,16.4,-2.6,-13.6,3.2,6.9,10.1,0.6,1.2,1.8,1.5
"Milling and planing machine setters, operators, and tenders, metal and plastic",51-4035,Line item,13.8,11.8,-2.0,-14.4,3.2,6.9,10.1,0.4,0.9,1.3,1.1
Machinists,51-4041,Line item,299.5,299.6,0.0,0.0,4.1,5.7,9.8,12.3,17.2,29.5,29.5
Metal-refining furnace operators and tenders,51-4051,Line item,20.8,20.3,-0.5,-2.3,3.7,6.3,10.0,0.8,1.3,2.1,2.0
"Pourers and casters, metal",51-4052,Line item,5.9,5.7,-0.3,-4.7,3.7,6.3,10.0,0.2,0.4,0.6,0.6
"Model makers, metal and plastic",51-4061,Line item,3.2,2.6,-0.6,-18.2,4.4,6.5,10.9,0.1,0.2,0.3,0.3
"Patternmakers, metal and plastic",51-4062,Line item,1.6,1.2,-0.4,-24.4,4.4,6.5,10.9,0.1,0.1,0.1,0.1
Foundry mold and coremakers,51-4071,Line item,12.7,9.4,-3.3,-25.9,4.4,6.5,10.9,0.5,0.7,1.2,0.9
"Molding, coremaking, and casting machine setters, operators, and tenders, metal and plastic",51-4072,Line item,154.6,148.8,-5.8,-3.8,4.4,6.5,10.9,6.6,9.8,16.5,15.9
"Multiple machine tool setters, operators, and tenders, metal and plastic",51-4081,Line item,131.0,130.3,-0.7,-0.5,3.8,6.0,9.8,5.0,7.8,12.8,12.8
Tool and die makers,51-4111,Line item,55.2,49.3,-6.0,-10.8,4.6,5.6,10.2,2.4,2.9,5.3,4.7
"Welders, cutters, solderers, and brazers",51-4121,Line item,457.3,467.2,9.9,2.2,3.0,6.6,9.6,13.9,30.7,44.6,45.6
"Welding, soldering, and brazing machine setters, operators, and tenders",51-4122,Line item,38.9,35.4,-3.5,-9.0,3.0,6.6,9.6,1.1,2.5,3.6,3.2
"Heat treating equipment setters, operators, and tenders, metal and plastic",51-4191,Line item,14.8,12.9,-1.9,-12.8,3.8,6.0,9.8,0.5,0.8,1.4,1.2
"Layout workers, metal and plastic",51-4192,Line item,5.7,5.4,-0.3,-5.4,3.8,6.0,9.8,0.2,0.3,0.5,0.5
"Plating machine setters, operators, and tenders, metal and plastic",51-4193,Line item,31.7,27.4,-4.3,-13.6,3.8,6.0,9.8,1.1,1.8,2.9,2.5
"Tool grinders, filers, and sharpeners",51-4194,Line item,5.8,5.4,-0.5,-7.8,3.8,6.0,9.8,0.2,0.3,0.5,0.5
"Metal workers and plastic workers, all other",51-4199,Line item,20.4,18.5,-1.9,-9.5,3.8,6.0,9.8,0.7,1.2,1.9,1.7
Prepress technicians and workers,51-5111,Line item,26.2,22.3,-3.8,-14.6,5.4,7.6,13.0,1.3,1.8,3.1,2.8
Printing press operators,51-5112,Line item,150.2,138.0,-12.2,-8.1,4.3,6.1,10.4,6.2,8.7,14.9,13.7
Print binding and finishing workers,51-5113,Line item,35.8,30.0,-5.8,-16.1,4.6,5.7,10.3,1.5,1.9,3.4,2.8
Laundry and dry-cleaning workers,51-6011,Line item,202.6,213.5,10.9,5.4,8.3,6.5,14.8,17.2,13.6,30.8,31.9
"Pressers, textile, garment, and related materials",51-6021,Line item,28.4,24.6,-3.8,-13.5,6.7,5.2,11.9,1.8,1.4,3.2,2.8
Sewing machine operators,51-6031,Line item,124.0,110.7,-13.3,-10.8,6.9,5.3,12.2,8.1,6.2,14.3,13.0
Shoe and leather workers and repairers,51-6041,Line item,9.5,9.1,-0.4,-3.8,4.6,5.6,10.1,0.4,0.5,0.9,0.9
Shoe machine operators and tenders,51-6042,Line item,4.1,3.9,-0.2,-3.7,4.6,5.6,10.1,0.2,0.2,0.4,0.4
"Sewers, hand",51-6051,Line item,5.4,5.0,-0.4,-7.0,8.0,5.5,13.5,0.4,0.3,0.7,0.7
"Tailors, dressmakers, and custom sewers",51-6052,Line item,38.8,37.1,-1.7,-4.5,8.0,5.5,13.5,3.0,2.1,5.1,5.0
Textile bleaching and dyeing machine operators and tenders,51-6061,Line item,6.2,5.5,-0.6,-10.1,5.6,7.3,12.9,0.3,0.4,0.8,0.7
"Textile cutting machine setters, operators, and tenders",51-6062,Line item,9.3,8.2,-1.1,-11.7,5.6,7.3,12.9,0.5,0.6,1.1,1.0
"Textile knitting and weaving machine setters, operators, and tenders",51-6063,Line item,15.3,13.6,-1.7,-11.2,5.6,7.3,12.9,0.8,1.1,1.9,1.7
"Textile winding, twisting, and drawing out machine setters, operators, and tenders",51-6064,Line item,21.7,19.8,-1.9,-9.0,5.6,7.3,12.9,1.2,1.5,2.7,2.5
"Extruding and forming machine setters, operators, and tenders, synthetic and glass fibers",51-6091,Line item,15.2,15.0,-0.2,-1.1,7.2,6.2,13.4,1.1,0.9,2.0,2.0
Fabric and apparel patternmakers,51-6092,Line item,2.8,2.5,-0.3,-10.2,7.2,6.2,13.4,0.2,0.2,0.4,0.3
Upholsterers,51-6093,Line item,22.7,22.3,-0.4,-1.8,5.6,4.3,10.0,1.3,1.0,2.2,2.2
"Textile, apparel, and furnishings workers, all other",51-6099,Line item,14.7,13.3,-1.4,-9.4,7.2,6.2,13.4,1.0,0.9,1.9,1.7
Cabinetmakers and bench carpenters,51-7011,Line item,86.0,84.7,-1.4,-1.6,4.3,5.4,9.7,3.6,4.6,8.3,8.1
Furniture finishers,51-7021,Line item,20.5,19.8,-0.7,-3.3,5.5,4.7,10.2,1.1,0.9,2.1,2.0
"Model makers, wood",51-7031,Line item,0.9,0.9,0.0,-4.5,4.5,6.2,10.7,0.0,0.1,0.1,0.1
"Patternmakers, wood",51-7032,Line item,0.5,0.4,0.0,-5.0,4.5,6.2,10.7,0.0,0.0,0.0,0.0
"Sawing machine setters, operators, and tenders, wood",51-7041,Line item,45.0,44.7,-0.3,-0.6,3.9,6.9,10.8,1.7,3.1,4.8,4.8
"Woodworking machine setters, operators, and tenders, except sawing",51-7042,Line item,63.1,61.9,-1.1,-1.8,3.7,6.8,10.4,2.3,4.2,6.5,6.4
"Woodworkers, all other",51-7099,Line item,17.6,16.8,-0.8,-4.4,4.5,6.2,10.7,0.8,1.1,1.8,1.8
Nuclear power reactor operators,51-8011,Line item,5.7,4.9,-0.9,-15.3,3.7,5.9,9.6,0.2,0.3,0.5,0.4
Power distributors and dispatchers,51-8012,Line item,9.3,9.0,-0.3,-3.2,3.7,5.9,9.6,0.3,0.5,0.9,0.8
Power plant operators,51-8013,Line item,31.6,28.0,-3.5,-11.2,3.7,5.9,9.6,1.1,1.8,2.8,2.5
Stationary engineers and boiler operators,51-8021,Line item,33.3,34.0,0.7,2.2,4.4,6.6,11.0,1.5,2.2,3.7,3.8
Water and wastewater treatment plant and system operators,51-8031,Line item,132.4,123.8,-8.7,-6.5,3.3,5.7,9.0,4.2,7.3,11.5,10.7
Chemical plant and system operators,51-8091,Line item,18.1,17.0,-1.1,-6.1,2.6,6.9,9.4,0.5,1.2,1.7,1.6
Gas plant operators,51-8092,Line item,16.2,14.8,-1.4,-8.8,2.6,6.9,9.4,0.4,1.1,1.5,1.3
"Petroleum pump system operators, refinery operators, and gaugers",51-8093,Line item,34.9,34.0,-1.0,-2.8,2.6,6.9,9.4,0.9,2.4,3.3,3.2
"Plant and system operators, all other",51-8099,Line item,16.3,16.6,0.3,1.6,2.6,6.9,9.4,0.4,1.1,1.6,1.6
Chemical equipment operators and tenders,51-9011,Line item,128.9,133.1,4.3,3.3,3.1,7.6,10.7,4.1,9.9,14.0,14.4
"Separating, filtering, clarifying, precipitating, and still machine setters, operators, and tenders",51-9012,Line item,54.4,52.0,-2.3,-4.3,3.1,7.6,10.7,1.7,4.0,5.7,5.4
"Crushing, grinding, and polishing machine setters, operators, and tenders",51-9021,Line item,28.7,27.9,-0.7,-2.5,3.3,6.5,9.8,0.9,1.8,2.8,2.7
"Grinding and polishing workers, hand",51-9022,Line item,11.8,9.3,-2.5,-21.2,3.3,6.5,9.8,0.3,0.7,1.0,0.8
"Mixing and blending machine setters, operators, and tenders",51-9023,Line item,101.1,94.3,-6.8,-6.8,3.3,6.5,9.8,3.2,6.3,9.5,8.8
"Cutters and trimmers, hand",51-9031,Line item,7.0,5.7,-1.3,-18.1,5.3,6.0,11.3,0.3,0.4,0.7,0.6
"Cutting and slicing machine setters, operators, and tenders",51-9032,Line item,49.0,47.9,-1.1,-2.3,5.3,6.0,11.3,2.6,2.9,5.5,5.3
"Extruding, forming, pressing, and compacting machine setters, operators, and tenders",51-9041,Line item,57.3,58.4,1.1,2.0,2.6,6.2,8.8,1.5,3.6,5.1,5.2
"Furnace, kiln, oven, drier, and kettle operators and tenders",51-9051,Line item,16.5,17.0,0.5,3.0,4.5,6.5,11.0,0.7,1.1,1.8,1.9
"Inspectors, testers, sorters, samplers, and weighers",51-9061,Line item,598.0,598.1,0.1,0.0,4.7,7.0,11.7,27.8,42.1,69.9,69.9
Jewelers and precious stone and metal workers,51-9071,Line item,35.1,33.2,-1.9,-5.5,6.5,5.7,12.2,2.2,1.9,4.2,4.0
Dental laboratory technicians,51-9081,Line item,35.2,33.6,-1.6,-4.7,5.3,6.5,11.8,1.8,2.2,4.0,3.9
Medical appliance technicians,51-9082,Line item,12.0,12.4,0.4,3.7,5.3,6.5,11.8,0.6,0.8,1.4,1.5
Ophthalmic laboratory technicians,51-9083,Line item,19.6,20.0,0.5,2.3,5.3,6.5,11.8,1.0,1.3,2.3,2.4
Packaging and filling machine operators and tenders,51-9111,Line item,381.2,398.2,17.0,4.5,4.9,6.3,11.2,19.1,24.5,43.6,45.3
"Painting, coating, and decorating workers",51-9123,Line item,8.8,8.9,0.1,1.4,3.4,6.0,9.5,0.3,0.5,0.8,0.8
"Coating, painting, and spraying machine setters, operators, and tenders",51-9124,Line item,165.5,166.7,1.2,0.7,3.4,6.0,9.5,5.7,10.0,15.7,15.8
Semiconductor processing technicians,51-9141,Line item,31.9,35.4,3.5,10.9,3.9,6.8,10.7,1.3,2.3,3.6,3.9
Photographic process workers and processing machine operators,51-9151,Line item,11.2,10.9,-0.3,-2.6,4.9,9.1,14.0,0.5,1.0,1.6,1.5
Computer numerically controlled tool operators,51-9161,Line item,177.1,158.1,-19.0,-10.7,2.8,6.3,9.2,4.7,10.6,15.4,13.5
Computer numerically controlled tool programmers,51-9162,Line item,28.3,31.9,3.6,12.8,2.8,6.3,9.2,0.8,1.9,2.8,3.1
Adhesive bonding machine operators and tenders,51-9191,Line item,12.2,12.3,0.1,1.0,4.6,6.1,10.7,0.6,0.7,1.3,1.3
"Cleaning, washing, and metal pickling equipment operators and tenders",51-9192,Line item,14.6,15.2,0.5,3.6,3.9,6.8,10.7,0.6,1.0,1.6,1.6
Cooling and freezing equipment operators and tenders,51-9193,Line item,7.1,7.6,0.5,7.2,3.9,6.8,10.7,0.3,0.5,0.8,0.8
Etchers and engravers,51-9194,Line item,8.6,8.6,-0.1,-0.7,4.8,5.5,10.3,0.4,0.5,0.9,0.9
"Molders, shapers, and casters, except metal and plastic",51-9195,Line item,41.7,44.3,2.6,6.2,6.2,5.9,12.1,2.7,2.5,5.2,5.5
"Paper goods machine setters, operators, and tenders",51-9196,Line item,97.5,91.4,-6.1,-6.3,3.7,5.5,9.2,3.5,5.2,8.7,8.1
Tire builders,51-9197,Line item,20.9,21.4,0.5,2.3,4.5,7.3,11.8,1.0,1.5,2.5,2.5
Helpers--production workers,51-9198,Line item,168.5,153.5,-15.0,-8.9,6.7,8.9,15.6,10.8,14.4,25.1,23.6
"Production workers, all other",51-9199,Line item,292.8,294.3,1.5,0.5,3.9,6.8,10.7,11.6,19.8,31.4,31.6
Aircraft cargo handling supervisors,53-1041,Line item,10.3,10.8,0.5,5.2,3.4,6.2,9.5,0.4,0.7,1.0,1.1
"First-line supervisors of transportation and material moving workers, except aircraft cargo handling supervisors",53-1047,Line item,609.6,632.2,22.5,3.7,3.4,6.2,9.5,20.8,38.3,59.1,61.3
"Airline pilots, copilots, and flight engineers",53-2011,Line item,100.0,103.9,3.9,3.9,3.8,7.2,11.0,3.9,7.4,11.3,11.7
Commercial pilots,53-2012,Line item,55.4,58.3,2.8,5.1,3.8,7.2,11.0,2.2,4.1,6.3,6.6
Air traffic controllers,53-2021,Line item,24.1,24.4,0.3,1.2,2.4,6.5,8.9,0.6,1.6,2.2,2.2
Airfield operations specialists,53-2022,Line item,16.9,17.6,0.7,4.2,2.4,6.5,8.9,0.4,1.1,1.5,1.6
Flight attendants,53-2031,Line item,130.8,142.9,12.1,9.2,6.4,7.1,13.6,8.8,9.8,18.6,19.8
"Ambulance drivers and attendants, except emergency medical technicians",53-3011,Line item,12.3,12.1,-0.2,-1.3,3.8,8.0,11.8,0.5,1.0,1.4,1.4
Driver/sales workers,53-3031,Line item,451.5,491.3,39.8,8.8,4.4,5.6,10.0,20.8,26.5,47.3,51.3
Heavy and tractor-trailer truck drivers,53-3032,Line item,2235.1,2324.4,89.3,4.0,4.4,5.6,10.0,100.4,128.3,228.7,237.6
Light truck drivers,53-3033,Line item,1079.8,1158.6,78.9,7.3,4.4,5.6,10.0,49.3,63.0,112.3,120.2
"Bus drivers, school",53-3051,Line item,387.3,388.2,0.9,0.2,11.1,4.6,15.7,43.1,17.7,60.9,61.0
"Bus drivers, transit and intercity",53-3052,Line item,158.8,165.6,6.8,4.3,8.0,4.5,12.4,12.9,7.3,20.2,20.9
Shuttle drivers and chauffeurs,53-3053,Line item,243.9,260.3,16.4,6.7,9.0,4.7,13.7,22.7,11.9,34.6,36.3
Taxi drivers,53-3054,Line item,204.0,226.6,22.6,11.1,4.8,4.6,9.4,10.4,9.9,20.3,22.6
"Motor vehicle operators, all other",53-3099,Line item,79.3,84.0,4.7,6.0,7.5,5.5,13.0,6.1,4.5,10.6,11.1
Locomotive engineers,53-4011,Line item,27.0,27.2,0.2,0.7,2.8,5.2,8.0,0.8,1.4,2.2,2.2
"Rail yard engineers, dinkey operators, and hostlers",53-4013,Line item,3.1,3.1,0.0,0.3,2.8,5.2,8.0,0.1,0.2,0.2,0.2
"Railroad brake, signal, and switch operators and locomotive firers",53-4022,Line item,11.0,11.1,0.1,1.0,3.3,6.0,9.2,0.4,0.7,1.0,1.0
Railroad conductors and yardmasters,53-4031,Line item,36.8,37.2,0.4,1.1,2.3,6.0,8.4,0.9,2.2,3.1,3.1
Subway and streetcar operators,53-4041,Line item,9.6,9.9,0.3,3.4,3.3,6.0,9.2,0.3,0.6,0.9,0.9
"Rail transportation workers, all other",53-4099,Line item,1.6,1.6,0.1,3.9,3.3,6.0,9.2,0.1,0.1,0.1,0.2
Sailors and marine oilers,53-5011,Line item,32.1,32.8,0.7,2.3,4.3,7.4,11.7,1.4,2.4,3.8,3.9
"Captains, mates, and pilots of water vessels",53-5021,Line item,40.7,40.9,0.2,0.5,4.6,5.9,10.6,1.9,2.4,4.3,4.3
Motorboat operators,53-5022,Line item,2.7,2.8,0.0,1.4,4.6,5.9,10.6,0.1,0.2,0.3,0.3
Ship engineers,53-5031,Line item,8.8,9.0,0.1,1.6,4.3,7.4,11.7,0.4,0.7,1.0,1.1
Bridge and lock tenders,53-6011,Line item,2.9,2.8,-0.1,-3.3,4.2,5.9,10.1,0.1,0.2,0.3,0.3
Parking attendants,53-6021,Line item,135.7,139.8,4.0,3.0,5.2,7.9,13.1,7.1,10.9,18.1,18.5
Automotive and watercraft service attendants,53-6031,Line item,100.0,99.0,-1.0,-1.0,5.4,9.2,14.6,5.4,9.2,14.5,14.4
Aircraft service attendants,53-6032,Line item,28.0,29.5,1.4,5.1,5.4,9.2,14.6,1.5,2.7,4.2,4.3
Traffic technicians,53-6041,Line item,7.9,8.2,0.3,3.7,4.2,5.9,10.1,0.3,0.5,0.8,0.8
Transportation inspectors,53-6051,Line item,25.7,26.1,0.4,1.7,4.3,5.3,9.6,1.1,1.4,2.5,2.5
Passenger attendants,53-6061,Line item,25.6,26.8,1.2,4.7,10.0,5.2,15.2,2.6,1.4,4.0,4.1
"Transportation workers, all other",53-6099,Line item,11.5,11.9,0.4,3.8,4.2,5.9,10.1,0.5,0.7,1.2,1.2
Conveyor operators and tenders,53-7011,Line item,29.1,28.1,-1.0,-3.4,4.1,5.4,9.5,1.2,1.6,2.7,2.6
Crane and tower operators,53-7021,Line item,42.3,43.5,1.3,3.0,2.9,5.6,8.5,1.2,2.4,3.7,3.8
Dredge operators,53-7031,Line item,1.1,1.2,0.0,1.2,4.1,5.4,9.5,0.0,0.1,0.1,0.1
Hoist and winch operators,53-7041,Line item,2.7,2.7,0.0,-1.1,4.1,5.4,9.5,0.1,0.1,0.3,0.3
Industrial truck and tractor operators,53-7051,Line item,792.5,801.6,9.1,1.1,3.3,6.1,9.5,26.6,48.9,75.5,76.4
Cleaners of vehicles and equipment,53-7061,Line item,410.1,426.2,16.0,3.9,5.6,7.4,13.0,23.6,31.0,54.5,56.2
"Laborers and freight, stock, and material movers, hand",53-7062,Line item,2988.9,3033.1,44.3,1.5,5.0,7.6,12.6,150.2,229.7,379.9,384.3
Machine feeders and offbearers,53-7063,Line item,46.5,40.4,-6.0,-13.0,5.1,7.0,12.1,2.2,3.0,5.3,4.7
"Packers and packagers, hand",53-7064,Line item,591.8,559.7,-32.2,-5.4,5.9,7.5,13.4,33.7,43.5,77.2,74.0
Stockers and order fillers,53-7065,Line item,2764.8,2999.8,235.0,8.5,6.7,8.9,15.6,191.7,257.1,448.8,472.3
Gas compressor and gas pumping station operators,53-7071,Line item,5.4,5.3,-0.1,-1.3,3.8,7.5,11.3,0.2,0.4,0.6,0.6
"Pump operators, except wellhead pumpers",53-7072,Line item,13.1,13.5,0.3,2.6,3.8,7.5,11.3,0.5,1.0,1.5,1.5
Wellhead pumpers,53-7073,Line item,18.8,17.9,-0.9,-4.7,3.8,7.5,11.3,0.7,1.4,2.1,2.0
Refuse and recyclable material collectors,53-7081,Line item,147.9,149.2,1.3,0.9,4.3,7.0,11.3,6.3,10.4,16.8,16.9
"Tank car, truck, and ship loaders",53-7121,Line item,12.0,12.5,0.5,4.3,4.1,6.4,10.5,0.5,0.8,1.3,1.3
"Material moving workers, all other",53-7199,Line item,27.7,28.9,1.2,4.3,4.1,6.4,10.5,1.2,1.8,3.0,3.1
